-- phpMyAdmin SQL Dump
-- version 5.2.0
-- https://www.phpmyadmin.net/
--
-- Host: 127.0.0.1
-- Tempo de geração: 22-Nov-2022 às 15:49
-- Versão do servidor: 10.4.24-MariaDB
-- versão do PHP: 7.4.29

SET SQL_MODE = "NO_AUTO_VALUE_ON_ZERO";
START TRANSACTION;
SET time_zone = "+00:00";


/*!40101 SET @OLD_CHARACTER_SET_CLIENT=@@CHARACTER_SET_CLIENT */;
/*!40101 SET @OLD_CHARACTER_SET_RESULTS=@@CHARACTER_SET_RESULTS */;
/*!40101 SET @OLD_COLLATION_CONNECTION=@@COLLATION_CONNECTION */;
/*!40101 SET NAMES utf8mb4 */;

--
-- Banco de dados: `frigorifico`
--

DELIMITER $$
--
-- Procedimentos
--
CREATE DEFINER=`root`@`localhost` PROCEDURE `sp_usuario_insert` (`pusuario_usuario` VARCHAR(100), `psenha_usuario` VARCHAR(32))   BEGIN
	INSERT INTO usuario ( usuario_usuario, senha_usuario) VALUES (pusuario_usuario,psenha_usuario);
    
    SELECT * FROM usuario WHERE id_usuario = LAST_INSERT_ID();
    
END$$

DELIMITER ;

-- --------------------------------------------------------

--
-- Estrutura da tabela `cliente`
--

CREATE TABLE `cliente` (
  `idCliente` int(15) NOT NULL,
  `nomeCliente` varchar(100) NOT NULL,
  `apelidoCliente` varchar(100) NOT NULL,
  `enderecoCliente` varchar(100) NOT NULL,
  `telefoneCliente` varchar(100) NOT NULL,
  `limiteCliente` varchar(64) NOT NULL
) ENGINE=InnoDB DEFAULT CHARSET=utf8;

--
-- Extraindo dados da tabela `cliente`
--

INSERT INTO `cliente` (`idCliente`, `nomeCliente`, `apelidoCliente`, `enderecoCliente`, `telefoneCliente`, `limiteCliente`) VALUES
(1, 'Dona Amélia', 'amelia de Dona Ester', 'Pereiro dos Pedros ', '', ''),
(2, 'Maria Arnilda Matheus', 'Arnilda', 'Sítio Cabeça de Negro', '88997142535', ''),
(3, 'José Alison da Silva', 'jose Alison Visinho', 'Rua Miguel Paulino 409', '88997621470', ''),
(5, 'Ana Carolina da Silva', 'Irmã de Joana', 'Tra. Francisco Pacífico 10', '88997181557', ''),
(11, 'Antonio Carlos Vieira', 'Antonio Alejado ', 'Tra. Matriz Valdivino 239', '88999588433', ''),
(29, 'ângela', 'angela - Irmã de Naldo', 'José Alves Caetano 102', '88997967214', ''),
(31, 'Aline', 'Aline Amiga', 'Não informado', '', ''),
(33, 'André Barros', 'El Catraca', 'Onde não te interessa', '', ''),
(34, 'Aurilia', 'aurilia de Deda do Gás', 'Não informado', '', ''),
(35, 'Aíla ', 'Aila Lojão da fé', 'Não informado', '', ''),
(36, 'Aurilânio', 'Aurilanio', 'Não informado', '', ''),
(37, 'Baixote', '', 'Cícero do Monte', '88999646617', ''),
(38, 'Maria Ambrozina de Lima ', 'Bobóia', 'Av. José Fares Lopes 285', '88996119753', ''),
(39, 'leidiomar ribeiro da silva', 'leide boa vista', 'Sítio Boa Vista', '', ''),
(40, 'Chico Antonio ', 'Chico Mala', 'Barragem', '88997807307', ''),
(41, 'Maria Socorro Rodrigues', 'Coca do Calado', 'Sítio Calado 51', '88996199413', ''),
(42, 'Casa Castro', '', 'Miguel Custódio 294', '', ''),
(43, 'Francisco da Silva', 'Chagão', 'Rua: Santo Antonio 33', '88999305280', ''),
(44, 'Maria do Carmo', 'Cacau e Isabel', 'Rua: José de Matos 16', '88999510693', ''),
(45, 'Chico Preto', '', 'Barragem', '', ''),
(46, 'Francisco Chagas Gonçalves ', 'Chaga do Calado', 'Sítio Calado ', '', ''),
(47, 'Cineudo Gari', '', 'Bairro São Geraldo', '', ''),
(48, 'Francisca Das Chagas', 'Chaguinha Ribeiro', 'Antonio Valdivino da Costa', '88997003587', ''),
(49, 'Claudio Flamengo', '', 'Não informado', '', ''),
(50, 'Cicero do Cochedo', '', 'Sítio Rochedo', '', ''),
(51, 'Maria das Graças Mariz duó', 'Dona Duo', 'Rua: José de Matos 16 N° 82', '88999391432', ''),
(52, 'Dionizio Bernardes Monte', 'Dionizio Cajazeiras ', 'Sitio Rochedo ', '', ''),
(53, 'Dotinha', '', 'Não informado', '', ''),
(54, 'Dona Marlene Sitio Saco', '', 'Não informado', '', ''),
(55, 'Damiana da Silva Silvestre', 'Damiana Magrinha', 'São José 138', '88998131875', ''),
(56, 'José Alério', 'Deda do Gás', 'Fares Lopes 223', '88997094526', ''),
(57, 'Maria Marlete Vieira', 'Dona Marlete DNOCS', 'José Alves Caetano 132', '88999355553', ''),
(58, 'Maria Duce Custódio', 'Duce Sogra de Jonas', 'São José 157', '88997276623', ''),
(59, 'Dona Zuleide DNOCS', '', 'Não informado', '', ''),
(60, 'Daniel Construção', '', 'Não informado', '', ''),
(61, 'Dona Vilani ', '', 'Cabeça de Negro', '', ''),
(62, 'Edina ', 'Edna Merendeira', 'Não informado', '', ''),
(63, 'Francisca Nelene Vicente ', 'Evilene mãe de Carlim', 'Isac Candido 138', '88999863420', ''),
(64, 'Maria Eliane Gomes da Silva', 'Eliana PMO', 'Bairro de Fátima', '88997856388', ''),
(65, 'Francisca Estelita Dantas', 'Estelita da Barragem', 'Barragem', '88999138745', ''),
(66, 'Marcio Eber', 'Ebinho Mirante', 'Não informado', '', ''),
(67, 'Eliane', 'Lojão da fé', 'Não informado', '', ''),
(68, 'Francisca Paula Vieira', 'Francisca Hospital', 'Barbadiana 11', '88999020883', ''),
(69, 'Lucielma', 'Mãe de Igor', 'Não informado', '', ''),
(70, 'Erondir Primo', 'Irmão de Cosme', 'Bairro São Geraldo', '', ''),
(73, 'Daniel', 'Daniel Pedreiro', 'Multirão Garcia', '', ''),
(74, 'Fabia PMO', '', 'Não informado', '', ''),
(75, 'Fabricia', '', 'Não informado', '', ''),
(76, 'Francimeire', 'Mãe de Claudio', 'Cícero do Monte', '', ''),
(78, 'Francisco de Olindorina', '', 'Clodes Campelo', '', ''),
(79, 'Marciana Sousa de Castro', 'Marcinha Irmã', 'Sítio Macapa', '88999171423', ''),
(80, 'Marcia Mãe de Cristian', '', 'Cícero do Monte - 125', '88999368121', ''),
(81, 'Aldenice do Carmo Sousa ', 'Mamae', 'Miguel Custódio 11', '', ''),
(82, 'Marlene', 'Mãe de Mairle', 'Multirão Garcia', '', ''),
(83, 'Tamires ', 'Amiga de Joezia', 'Multirão Garcia', '', ''),
(84, 'Mayrla Vilar Soares', 'mairla Irmã de Marcilio', 'Pedro José Melo', '88999737314', ''),
(85, 'Ely', 'Tia Eli', 'Não informado', '', ''),
(86, 'Wilson Lapó', 'Marido de Nina', 'Cícero do Monte', '', ''),
(87, 'Maria Raquel Campos Lima', 'Raquel de Devan', 'Multirão Bom Jesus', '88997685879', ''),
(88, 'Nazinha', 'Nazinha de Damiana', 'Não informado', '', ''),
(89, 'Edineuma Brasil', 'Neuminha de Mãe', 'Antonio Amaro da Costa', '88997280821', ''),
(90, 'Gilvan Soares de Sousa', 'Giovan PMO', 'Vila do Dnocs - 190', '88996274251', ''),
(91, 'francisco nóbio da maceno', 'nobio dNOCS', 'rua barbadiana - 18', '88999355049', ''),
(92, 'jocielda soares batista', 'jocielda professora', 'luiza viera da silva ', '88997089107', ''),
(93, 'maria valda ribeiro', 'valda ribeiro', 'travessa roberto rolim - 18', '88999884486', ''),
(94, 'luzimar ', 'luzimar mototaxi', 'Rua Zuca lira', '', ''),
(95, 'silvia mara pocidonia ', 'Silvinha De Ismael', 'Multirão Garcia', '88998958911', ''),
(96, 'sebastião alves soares', 'Sebastiao Das Aguas', 'Não informado', '', ''),
(97, 'pai de tata', '', 'Não informado', '', ''),
(99, 'Patricia bento da silva', 'Patricia Vizinha De Joezia', 'Miguel Custódio', '88996821612', ''),
(100, 'joezia sousa de castro', 'joezia irmã', 'Miguel Custódio 167', '', ''),
(101, 'zé francisco', 'ze francisco', 'Não informado', '', ''),
(102, 'Flavio Sousa de Castro', 'Cavalo', 'Miguel Custódio 294', '', ''),
(103, 'ivandi viana nogueira', 'ivandi multirao', 'multirão bom jesus', '88996556458', ''),
(104, 'toinha machado vicente', 'toinha mae de ryanderson', 'Cícero do Monte - 08', '88996167387', ''),
(105, 'joão rodrigues barbosa', 'joao viana', 'bsg', '88996611512', ''),
(106, 'elaine vieira lima', 'nadia', 'São José 180', '88997072653', ''),
(107, 'reginaldo batista', 'naldo da barragem', 'sitio mata fresca', '88996553549', ''),
(108, 'naninha prima', 'nanhinha', 'bsg', '', ''),
(109, 'maroísa viana nogueira', 'maroisa de didi', 'Bairro de Fátima ', '88996556458', ''),
(110, 'mikael ', 'mikael motos', 'avenida fares lopes', '', ''),
(111, 'maria regilene vieira da silva', 'regilene salgado', 'bsg', '88999617587', ''),
(112, 'francisco gonçalves sobrinho', 'pantico pai de kecy', 'Cícero do Monte', '88999398958', ''),
(113, 'zefa ', 'zefa da barragem (f)', 'barragem', '', ''),
(114, 'gordin do camarão', 'gordim', 'Não informado', '', ''),
(115, 'geraldo vidal', '', 'Não informado', '', ''),
(116, 'iraci clemente', 'irací ', 'avenida brasil', '88999984666', ''),
(117, 'simone alves viera', 'irmã de silvinha', 'Isac Candido 193', '88997033554', ''),
(118, 'maria de lourdes custódio', 'irmã de raimunda coelho', 'sitio saco', '88997821482', ''),
(119, 'hernancir moreira de sousa\'', 'hernancir DNOCS', '1° de setembro - 395', '85999509579', ''),
(120, 'luiz batista neto', 'luis de israel', 'sitio buqueirão', '', ''),
(121, 'lécia sousa lima', 'lecia do bar', 'Cícero do Monte - 166', '88992412160', ''),
(122, 'lindalva valente da silva', 'lindava mae de rafaela', 'sitio saco', '88997641180', ''),
(123, 'luana lorrayne p de lima', 'mulher de junior', 'Clodes Campelo - 118', '88996190222', ''),
(124, 'lucilene andrade santana', 'lucilene PMO', 'josé custódio sobrinho ', '88997624088', ''),
(125, 'joelma sousa de castro', 'joelma irmã', 'travessa nezim - 88', '88999314982', ''),
(126, 'maria zuleide dantas', 'maria zuleide', 'Miguel Custódio - 448', '88999885524', ''),
(127, 'maria do céu bento custódio', 'maria do ceu', 'travessa lima verde', '88997226868', ''),
(128, 'josé porfirio de lima', 'Galego Perto De Mãe', 'miguel paulino - 135', '', ''),
(129, 'maria helena de carvalho', 'helena mae de fatinha', 'Miguel Custódio - 492', '88999762347', ''),
(130, 'ozirene lorenzo custódio', 'Ozirene Lojinha', 'val. prahedes da costa 285', '88996521908', ''),
(131, 'dona conceição', 'Mulher Do Salgado', 'raimundo moreira', '', ''),
(141, 'jessica ', 'jessica santarém ', 'santarém', '', ''),
(142, 'maésio ', 'maesio da ilha', 'Não informado', '', ''),
(143, 'renan ', 'renan de padre', 'Não informado', '', ''),
(144, 'maria do rosário', 'maria do rosario', 'Não informado', '', ''),
(145, 'marcileide ferreira araújo', 'nora de damiana', 'val. prachedes da costa 480', '88993299359', ''),
(146, 'maria joemi de oliveira', 'joemi', 'travessa CSU - 45', '88996891420', ''),
(147, 'regina vicente da conceição', 'regina magrinha', 'avenida brasil - 165', '', ''),
(148, 'juliana ', 'juliana da padaria', 'Não informado', '', ''),
(149, 'josé bomfim alves', 'jose bomfim', 'vaildivino prachedes da costa', '', ''),
(150, 'joelma oliveira fernades', 'Joelma De Tudinha', 'republica - 69', '88997640585', ''),
(151, 'josué do monte viana', 'jusue da rifa', 'trav miguel custodio - 04', '88999847125', ''),
(152, 'jordana soares batista', 'Jordana Enfermeira', 'luiza viera da silva - 91', '88996773026', ''),
(153, 'joaquim lopes melo', 'seu joaquim', 'avenida brasil', '', ''),
(154, 'jucier', 'jucier das aguas', 'aguas', '', ''),
(155, 'josé felix de sousa filho', 'jose felix', 'rua são jose -bSG - 07', '88999341624', ''),
(156, 'lúcia de castro', 'lucia prima', 'BSG', '', ''),
(157, 'lucia de seu dalvino', '', 'Não informado', '', ''),
(158, 'leonaldo', '', 'Não informado', '', ''),
(159, 'junior pVC', '', 'Não informado', '', ''),
(160, 'joelma da 16', ' joemal amiga', 'Rua: José de Matos 16', '', ''),
(161, 'maria gonçalves clemente', 'maria clemente', 'sitio calado ', '', ''),
(162, 'josefa maria de lima bravo', 'mae de jessica', 'Trav Francisco Pacífico - 19', '88998654055', ''),
(163, 'marcílio vilar', 'marcilio', 'Não informado', '', ''),
(164, 'maria viana', '', 'travessa 28 de maio - 76', '88999788222', ''),
(165, 'mãe de tamires', 'mae de tamires', 'Não informado', '', ''),
(166, 'ana mikaelly vieira', 'mikaelly de devan', 'coab - 77', '88998638075', ''),
(167, 'marcão ', 'marcao PMO ', 'Não informado', '', ''),
(168, 'maria lucivania ', 'maria prima', 'bsg', '88996313223', ''),
(169, 'maria marluci nunes', 'marluci mae de cicim', 'valdivino prahedes da costa', '88999095436', ''),
(170, 'marcelia sousa de castro', 'marcelia irma', 'Miguel Custódio 294', '88996241410', ''),
(171, 'marcia ', 'marcia mae do kel', 'Não informado', '88999911370', ''),
(172, 'nicleide vicente freitas', 'nicleide vicente', 'raimundo moreira araujo - 55', '', ''),
(173, 'orlandin', 'orlandin irmao de odilon', 'Não informado', '', ''),
(174, 'pai de nadia', 'pai de elaine', 'são josé', '', ''),
(175, 'egberto nogueira cruz', 'Picapal', 'Isac Candido ', '', ''),
(176, 'perpetua soares batista', 'petinha das aguas', 'sitio buqueirão', '', ''),
(177, 'cicero nunes de castro', 'pai luquinha', 'Miguel Custódio 167', '', ''),
(178, 'maria rafaela valentim', 'rafaela das aguas', 'sitio saco', '88999619548', ''),
(179, 'rita de negreiro', '', 'rua 17', '88997130210', ''),
(180, 'francisca régia da costa', 'regia BSG', 'professor joão silva - 290', '88997948725', ''),
(181, 'rita pinheiro', '', 'raimundo alves de lima - 32', '', ''),
(182, 'antonio oliveira silva', 'sombra mototaxi', 'vila nova - 60', '88998564316', ''),
(183, 'samuel romao', 'samuel veriador', 'Não informado', '', ''),
(184, 'valquiria bravo piu', 'valquiria', 'val. prachedes da costa 192', '88997807356', ''),
(185, 'francisco talisson', 'thalisson', 'Isac Candido - 03', '85996073832', ''),
(186, 'francisco roberto silva', 'tico fateiro', 'manoel rodrigues - 04', '88998592377', ''),
(187, 'tiquinho', 'tiquinho da barragem', 'barragem', '', ''),
(188, 'francisca taiane alves', 'taiane', 'luiz pinheiro sousa - 40', '88996461504', ''),
(189, 'josé barbosa vieira', 'ze miudo', 'sitio saco', '88998737672', ''),
(190, 'josefa ribeiro da silva', 'zefinha de ze neudo', 'sitio boa vista', '88996180654', ''),
(191, 'zé nilton', 'mosquito', 'Miguel Custódio - 26', '88994912954', ''),
(192, 'pai de cicero gatim', '', 'calado', '', ''),
(193, 'pa virada', '(f)', 'vila', '', ''),
(194, 'vanja maria vieira borges', 'mãe de sandra da rifa', 'bsg - proximo a nene - 42', '', ''),
(195, 'francisco pereira filho', 'pai de gerlania', 'miguel custódio - 624', '', ''),
(196, 'ivani bsg', '', 'Não informado', '', ''),
(197, 'socorro brasil', 'irmã de neuminha', 'vila nova são josé - 31', '', ''),
(198, 'maria lucimar miranda', 'mae de riso', 'vila guassusse - vizinho a maria do salão', '88997319941', ''),
(199, 'iranilda berto ferreira', 'irma de pesão', 'Bairro de Fátima - 33', '88999997108', ''),
(200, 'raimundo luiza ', 'amigo de tio ronin', 'sitio macapa', '', ''),
(201, 'maria celina', 'celina mãe de romario', 'Antonio Amaro da Costa', '', ''),
(202, 'maria valdeneide lopes caetano', 'valda lopes', 'Cícero do Monte - 229', '88997747850', ''),
(203, 'francisca duarte', '', 'vila', '', ''),
(204, 'Teste', 'teste', 'teste', '', ''),
(205, 'iraci lopes de lima', 'maede valda lopes', 'Não informado', '', ''),
(206, 'preta do bar', '', 'Não informado', '', ''),
(207, 'maria joseleide vieira borges', 'irmã de vanja maria', 'bsg', '88997623087', ''),
(208, 'mae de catriel', '', 'Não informado', '', ''),
(209, 'junior academia', '', 'Não informado', '', ''),
(210, 'filha de marlie', '', 'Não informado', '', ''),
(211, 'roberto da saude', '', 'Não informado', '', ''),
(212, 'maria ivanilda gonzaga', 'maria dos paes', 'atras da delegacia', '88999310381', ''),
(213, 'sandra da rifa', '', 'miguel custódio', '', ''),
(214, 'marcio nilo', '', 'Não informado', '', ''),
(215, 'socorro pereira de sousa', '', 'Não informado', '', ''),
(216, 'maria caetano custódio', 'sogra de mairle', 'cicero do monte - 116', '', ''),
(217, 'Mara de Branco', 'pc', 'perto de marcio da rádio', '', ''),
(218, 'fernando ', 'Fisioterapeuta', 'em frente', '', ''),
(219, 'nice do alto', 'tia de chiquin', 'cicero do monte', '', ''),
(220, 'socorro viana', 'irmã de vandi', 'multirão bom jesus', '', ''),
(221, 'joaninha', 'joana amiga', 'rua do hospital', '', ''),
(222, 'mairle filha de marlene', 'mairle', 'não informado', '', ''),
(223, 'sandra pMO', 'irmã de goiaba', 'não informado', '', ''),
(224, 'Micael Vigia Hospital', '(f)', 'não informado', '', ''),
(225, 'cícera prima', 'cicinha prima', 'não informado', '', ''),
(226, 'liduina de arimar tio', '', 'não informado', '', ''),
(227, 'mulher de valci', 'Mulher De Valcí', 'não informado', '', ''),
(228, 'maria de fátima alexandre', 'maria de fatima', 'não informado', '', ''),
(231, 'dica de djalma', '', 'bairro são geraldo', '', ''),
(232, 'francisco ', 'de silvio mercantil', 'não informado', '', ''),
(233, 'francisca claudia', '', 'isaac candido', '88997489565', ''),
(234, 'antonio saraiva', '', 'não informado', '', ''),
(235, 'talita', 'cumadre de patricia', 'não informado', '', ''),
(236, 'severo sp', 'flavinha', 'av fares lopes', '', ''),
(237, 'marisa amiga de joezia', '', 'não informado', '', ''),
(238, 'elizete', 'irmã de eliza', 'não informado', '', ''),
(239, 'maria dalvani gonzaga', '', 'não informado', '', ''),
(240, 'gilvan macapá', '', 'Sitio macapá', '', ''),
(241, 'auriene monte cruz', 'perto de ti cuca', 'bairro são geraldo - 350', '', ''),
(242, 'vanderlo', 'colega', 'avenida', '', ''),
(243, 'francineide sousa vieira', 'mae de aline', 'miguel custodio', '', ''),
(244, 'socorro caca', 'caca', 'izak candido', '88998048650', ''),
(245, 'francí gonçalves ', 'diana', 'barragem', '', ''),
(246, 'marcos Aurélio', 'bazika Lindo ?', 'Sitio macapá', '88999989456', '');

-- --------------------------------------------------------

--
-- Estrutura da tabela `compra`
--

CREATE TABLE `compra` (
  `idCompra` int(15) NOT NULL,
  `dataCompra` date NOT NULL,
  `descricaoCompra` varchar(500) NOT NULL,
  `totalCompra` float NOT NULL,
  `tipoCompra` int(15) NOT NULL,
  `statusCompra` int(15) NOT NULL,
  `idCliente` int(15) NOT NULL
) ENGINE=InnoDB DEFAULT CHARSET=utf8;

--
-- Extraindo dados da tabela `compra`
--

INSERT INTO `compra` (`idCompra`, `dataCompra`, `descricaoCompra`, `totalCompra`, `tipoCompra`, `statusCompra`, `idCliente`) VALUES
(33, '2022-06-15', 'Compras', 131, 0, 1, 11),
(34, '2022-06-16', 'Dinheiro', 25, 0, 1, 11),
(35, '2022-06-17', 'Restante', 52, 0, 1, 3),
(37, '2022-06-28', 'Restante', 10, 1, 1, 1),
(38, '2022-06-13', 'Restante', 14, 0, 0, 5),
(41, '2022-06-02', 'Porco', 40, 0, 1, 29),
(42, '2022-05-24', 'Correntezinha', 35, 0, 1, 33),
(44, '2022-06-02', 'Bisteca, Bife', 90, 0, 1, 36),
(49, '2022-05-28', 'Compras', 20, 0, 1, 39),
(50, '2022-06-17', 'Frango', 62, 0, 1, 39),
(52, '2022-06-07', 'Compras', 59, 0, 1, 41),
(53, '2022-06-08', 'Coco Ralado, Nata', 26, 0, 1, 41),
(54, '2022-06-04', 'Frango', 50, 0, 1, 41),
(55, '2022-06-07', 'Restante', 33, 0, 1, 41),
(56, '2022-06-14', 'Porco', 47, 0, 1, 41),
(64, '2022-05-04', 'Porco frango', 80, 0, 0, 45),
(65, '2022-05-19', 'Frango, Porco, Dinheiro', 120, 0, 0, 45),
(68, '2022-04-28', 'Frango, Linguiça', 78, 0, 1, 50),
(69, '2022-05-28', 'Carneiro', 126, 0, 1, 50),
(70, '2022-05-04', 'Panelada', 50, 0, 1, 50),
(71, '2022-05-11', 'Moída, Costela', 98, 0, 1, 50),
(72, '2022-06-07', 'Carneiro', 42, 0, 1, 51),
(73, '2022-06-02', 'Porco, Boi', 120, 0, 1, 51),
(74, '2022-06-06', 'Fígado, Panelada', 71, 0, 1, 51),
(75, '2022-06-10', 'Frango, Bife', 112, 0, 1, 51),
(76, '2022-06-14', 'Carneiro', 50, 0, 1, 51),
(77, '2022-06-17', 'Boi', 80, 0, 1, 51),
(78, '2022-06-13', 'Compras', 102, 0, 1, 52),
(79, '2022-06-07', 'Restante', 53, 1, 1, 54),
(80, '2022-06-07', 'Compras', 94, 0, 1, 54),
(81, '2022-05-31', 'Restante', 33, 0, 1, 55),
(82, '2022-05-31', 'Compras', 119, 0, 1, 55),
(83, '2022-06-06', 'Panelada', 46, 0, 1, 55),
(84, '2022-06-07', 'Mão de Vaca', 43, 0, 1, 55),
(85, '2022-06-02', 'Compras', 65, 0, 1, 57),
(86, '2022-06-03', 'Frango, Bife', 77, 0, 1, 57),
(87, '2022-06-13', 'Figado', 27, 0, 1, 58),
(88, '2022-05-06', 'Restante', 700, 1, 0, 59),
(89, '2021-10-11', 'Picanha', 55, 0, 0, 60),
(90, '2021-10-11', 'Boi', 44, 0, 0, 60),
(92, '2022-06-17', 'Restante', 53, 0, 1, 62),
(93, '2022-06-17', 'Compras', 195, 0, 1, 62),
(94, '2022-06-01', 'Porco', 55, 0, 1, 63),
(95, '2022-06-06', 'Compras', 149, 0, 1, 63),
(96, '2022-06-04', 'Frango, Boi', 50, 0, 1, 63),
(97, '2022-06-09', 'Linguiça', 50, 0, 1, 63),
(98, '2022-06-13', 'Panelada', 46, 0, 1, 63),
(99, '2022-06-16', 'Frango', 42, 0, 1, 63),
(100, '2022-05-03', 'Restante', 25, 0, 0, 64),
(101, '2022-06-07', 'Restante', 44, 0, 1, 65),
(103, '2022-05-16', 'Compras', 24, 0, 0, 67),
(104, '2022-06-06', 'Panelada', 46, 0, 0, 67),
(105, '2022-06-07', 'Compras', 10, 0, 0, 67),
(106, '2022-06-20', 'Total Somado', 82, 0, 1, 68),
(107, '2022-05-21', 'Frango, Carne de Sol', 54, 0, 1, 68),
(108, '2021-05-23', 'Boi, Empanado', 58, 0, 1, 68),
(109, '2022-05-23', 'Restante mes passado', 25, 0, 1, 68),
(110, '2022-05-25', 'Compras', 87, 0, 1, 68),
(111, '2022-05-27', 'Frango, Boi', 77, 0, 1, 68),
(112, '2022-05-28', 'Carne Moída', 46, 0, 1, 68),
(113, '2022-05-30', 'Carne Moída', 42, 0, 1, 68),
(114, '2022-05-31', 'Salsicha, Porco', 60, 0, 1, 68),
(115, '2022-06-02', 'Frango', 29, 0, 1, 68),
(116, '2022-06-03', 'Compras', 97, 0, 1, 68),
(117, '2022-06-06', 'Costela', 51, 0, 1, 68),
(118, '2022-06-08', 'Filé de Peixe', 32, 0, 1, 68),
(119, '2022-06-10', 'Compras', 103, 0, 1, 68),
(120, '2022-06-13', 'Figado', 25, 0, 1, 68),
(121, '2022-06-16', 'Compras', 135, 0, 1, 68),
(124, '2022-06-18', 'Carneiro', 60, 0, 1, 69),
(125, '2022-06-18', 'Frango, Porco', 72, 0, 1, 68),
(126, '2022-06-18', 'Frango, Fuçura, Dinheiro', 77, 0, 1, 11),
(128, '2022-06-18', 'Linguiça', 30, 0, 1, 62),
(130, '2022-06-18', 'Restante', 191, 0, 1, 70),
(169, '2022-06-20', 'Saldo', 7, 1, 1, 49),
(194, '2022-06-18', 'Restante', 50, 1, 1, 37),
(195, '2022-06-20', 'Porco', 53, 0, 1, 54),
(197, '2022-06-21', 'Compra', 61, 0, 1, 41),
(199, '2022-06-20', 'Boi', 45, 0, 1, 65),
(200, '2022-06-20', 'Moída', 20, 0, 1, 63),
(201, '2022-04-12', 'Queijo, Nata', 50, 0, 1, 74),
(202, '2022-04-14', 'Frango, linguiça', 32, 0, 1, 74),
(203, '2022-06-07', 'Frango', 46, 0, 1, 75),
(204, '2022-06-10', 'Porco', 47, 0, 1, 75),
(205, '2022-06-11', 'Frango', 44, 0, 1, 75),
(206, '2022-06-14', 'Moída, Frango', 63, 0, 1, 75),
(207, '2022-06-17', 'Compras', 106, 0, 1, 75),
(208, '2022-06-21', 'Frango', 39, 0, 1, 75),
(209, '2022-06-20', 'Compras', 62, 0, 1, 68),
(210, '2022-06-22', 'Panelada', 53, 0, 1, 63),
(214, '2022-06-22', 'Frango', 37, 0, 1, 49),
(215, '2022-06-22', 'Boi', 80, 0, 1, 51),
(216, '2022-06-21', 'moida', 40, 0, 1, 51),
(217, '2022-06-22', 'Panelada', 18, 0, 1, 73),
(218, '2022-06-22', 'Panelada', 49, 0, 1, 62),
(219, '2022-06-22', 'Picanha, Filé', 105, 0, 1, 78),
(220, '2022-06-22', 'Frango', 38, 0, 1, 79),
(221, '2022-06-14', 'Restante', 213, 0, 1, 80),
(222, '2022-06-14', 'Compras mês que vem', 230, 0, 1, 80),
(223, '2022-06-14', 'Ovo', 28, 0, 1, 80),
(224, '2022-06-22', 'Compras', 161, 0, 1, 80),
(225, '2022-06-02', 'Compras', 60, 0, 1, 81),
(226, '2022-06-06', 'Compras', 110, 0, 1, 81),
(227, '2022-06-09', 'Restante', 100, 0, 1, 81),
(228, '2022-06-13', 'Compras', 211, 0, 1, 81),
(229, '2022-06-18', 'Frango', 39, 0, 1, 81),
(230, '2022-06-22', 'Compras', 174, 0, 1, 81),
(231, '2022-06-03', 'Restante', 8, 0, 1, 82),
(232, '2022-06-07', 'Bife', 20, 0, 1, 82),
(233, '2022-06-08', 'Costela', 26, 0, 1, 82),
(234, '2022-06-10', 'Corredor', 22, 0, 1, 82),
(235, '2022-06-13', 'Compras', 25, 0, 1, 82),
(236, '2022-06-17', 'Bife', 20, 0, 1, 82),
(237, '2022-06-12', 'Mão de Vaca', 12, 0, 1, 82),
(241, '2022-05-11', 'Compras', 59, 0, 1, 84),
(242, '2022-06-06', 'Ovos, bife, carne moída', 60, 0, 1, 84),
(243, '2022-06-16', 'Bife, moída', 40, 0, 1, 84),
(246, '2022-06-13', 'Bife', 22, 0, 1, 86),
(247, '2022-06-22', 'Porco, Boi', 62, 0, 1, 86),
(248, '2022-06-07', 'Bife', 52, 0, 1, 87),
(249, '2022-06-22', 'Porco', 30, 0, 1, 87),
(260, '2022-06-03', 'Restante', 210, 0, 1, 90),
(261, '2022-06-13', 'Panelada, Fígado', 40, 0, 1, 90),
(262, '2022-06-17', 'Frango', 28, 0, 1, 90),
(263, '2022-06-18', 'Dinheiro', 10, 0, 1, 90),
(264, '2022-06-22', 'Toicinho', 12, 0, 1, 90),
(265, '2022-06-22', 'Porco', 78, 0, 1, 69),
(266, '2022-06-23', 'toicinho', 22, 0, 1, 91),
(267, '2022-06-23', 'Mortadela, moida', 53, 0, 0, 92),
(268, '2022-06-23', 'frango', 40, 0, 1, 93),
(269, '2022-06-23', 'Carneiro', 86, 0, 1, 94),
(270, '2022-06-23', 'Carneiro', 28, 0, 1, 51),
(271, '2022-06-23', 'Carneiro', 55, 0, 1, 81),
(272, '2022-06-23', 'Carneiro', 42, 0, 1, 95),
(273, '2022-06-23', 'Frango, Linguiça', 70, 0, 1, 75),
(274, '2022-06-23', 'fígado de galinha', 6, 0, 1, 86),
(275, '2022-06-23', 'porco carneiro', 73, 0, 1, 62),
(276, '2022-06-23', 'carneiro, frango, carne de sol', 128, 0, 1, 68),
(277, '2022-06-23', 'Carne Moída', 22, 1, 1, 96),
(278, '2022-06-23', 'frango', 26, 0, 1, 97),
(280, '2022-06-23', 'celular de lauanny', 66, 1, 1, 100),
(281, '2022-06-23', 'porco', 5, 0, 1, 101),
(282, '2022-06-04', 'Moída', 43, 0, 1, 91),
(283, '2022-06-21', 'frango', 20, 0, 1, 91),
(284, '2022-06-04', 'Restante', 60, 0, 1, 91),
(285, '2022-06-08', 'restante', 59, 0, 0, 92),
(286, '2022-06-15', 'Compras', 122, 0, 0, 92),
(287, '2022-06-01', 'frango', 49, 0, 1, 93),
(288, '2022-06-06', 'frango', 46, 0, 1, 93),
(289, '2022-06-10', 'Boi', 35, 0, 1, 93),
(290, '2022-06-07', 'Compras', 127, 0, 1, 94),
(291, '2022-05-31', 'restante ', 33, 0, 1, 94),
(292, '2022-06-17', 'pescoço', 25, 0, 1, 95),
(293, '2022-06-21', 'porco', 23, 0, 1, 95),
(294, '2022-06-13', 'costela', 45, 0, 1, 96),
(295, '2022-05-30', 'costela', 74, 0, 1, 97),
(296, '2022-06-23', 'Restante', 286, 1, 1, 100),
(297, '2022-05-30', 'natura', 470, 0, 1, 100),
(301, '2022-06-24', 'boi', 50, 0, 1, 103),
(302, '2022-06-24', 'frango', 22, 0, 1, 95),
(303, '2022-06-02', 'Restante', 80, 0, 1, 104),
(304, '2022-06-03', 'Frango', 50, 0, 1, 104),
(305, '2022-06-06', 'Compras', 50, 0, 1, 104),
(306, '2022-06-13', 'Compras', 78, 0, 1, 104),
(307, '2022-06-15', 'toicinh, frango, moida', 75, 0, 1, 104),
(308, '2022-06-20', 'Compras', 105, 0, 1, 104),
(309, '2022-06-24', 'Porco', 68, 0, 1, 104),
(310, '2022-06-11', 'Restante', 43, 0, 1, 105),
(311, '2022-06-13', 'boi', 91, 0, 1, 105),
(312, '2022-06-24', 'bife, toicinho', 69, 0, 1, 105),
(313, '2022-06-24', 'porco , dinheiro', 145, 0, 1, 100),
(314, '2022-06-11', 'frango', 43, 0, 1, 106),
(315, '2022-06-23', 'panelada', 35, 0, 1, 106),
(316, '2022-06-18', 'frango', 40, 0, 1, 106),
(317, '2022-06-20', 'Frango', 25, 0, 1, 106),
(318, '2022-06-24', 'porco, frango', 48, 0, 1, 106),
(319, '2022-05-14', 'porco, carne de sol', 109, 0, 1, 107),
(320, '2022-05-20', 'porco', 90, 0, 1, 107),
(321, '2022-05-21', 'frango', 44, 0, 1, 107),
(322, '2022-06-20', 'porco', 84, 0, 1, 107),
(323, '2022-06-24', 'porco', 99, 0, 1, 107),
(324, '2022-06-24', 'costela de gado', 30, 0, 0, 108),
(330, '2022-06-24', 'costela de boi', 25, 0, 1, 84),
(331, '2022-06-24', 'bife, porco', 81, 0, 1, 58),
(332, '2022-06-24', 'salsicha', 10, 0, 1, 41),
(333, '2022-06-13', 'compras', 54, 0, 1, 111),
(334, '2022-06-20', 'boi, linguiça', 63, 0, 1, 111),
(335, '2022-06-24', 'compras', 50, 0, 1, 111),
(340, '2022-04-20', 'compra churrasco', 155, 0, 0, 114),
(341, '2022-05-10', 'buchada', 90, 0, 0, 114),
(342, '2022-05-12', 'queijo, figado, frango', 114, 0, 0, 114),
(343, '2022-06-23', 'buchada', 95, 0, 0, 114),
(344, '2022-06-08', 'compras', 287, 0, 1, 115),
(345, '2022-06-14', 'Compras', 198, 0, 1, 115),
(346, '2022-06-07', 'Compras', 42, 0, 1, 116),
(347, '2022-06-09', 'frango', 17, 0, 1, 116),
(348, '2022-06-23', 'picadinho', 30, 0, 1, 116),
(349, '2022-06-18', 'frango, carneiro', 77, 0, 1, 116),
(351, '2022-05-26', 'frango, boi', 96, 0, 1, 118),
(352, '2022-04-02', 'boi', 87, 0, 0, 119),
(353, '2022-04-07', 'porco', 55, 0, 0, 119),
(355, '2022-04-16', 'compras', 126, 0, 0, 119),
(356, '2022-05-07', 'Restante', 26, 0, 1, 120),
(357, '2022-06-07', 'frango, porco', 110, 0, 1, 120),
(359, '2022-06-01', 'Restante', 26, 1, 1, 122),
(361, '2022-04-01', 'Restante', 195, 0, 1, 123),
(362, '2022-04-19', 'Restante', 149, 0, 1, 123),
(363, '2022-04-20', 'Restante', 50, 0, 1, 123),
(364, '2022-04-20', 'Compras', 70, 0, 1, 123),
(366, '2022-06-25', 'Restante', 166, 1, 1, 43),
(368, '2022-06-25', 'troicinho', 20, 0, 1, 69),
(371, '2022-05-27', 'Restante', 75, 0, 1, 126),
(372, '2022-05-27', 'porco, figado', 105, 0, 1, 126),
(373, '2022-06-25', 'Carne Moída', 72, 0, 1, 126),
(374, '2022-06-14', 'Toicinho, figado', 33, 0, 1, 127),
(375, '2022-06-25', 'Compras', 61, 0, 1, 127),
(376, '2022-06-25', 'Frango, Porco', 121, 0, 1, 68),
(377, '2022-06-25', 'Porco', 58, 0, 0, 128),
(378, '2022-06-25', 'Frango', 30, 0, 1, 75),
(379, '2022-06-25', 'pescoço', 22, 0, 1, 76),
(380, '2022-06-20', 'Restante', 84, 0, 1, 76),
(381, '2022-06-20', 'porco, Fígado ', 50, 0, 1, 76),
(383, '2022-06-25', 'boi', 55, 0, 1, 99),
(384, '2022-05-14', 'Compras', 15, 0, 1, 130),
(385, '2022-06-17', 'costela, pescoço', 75, 0, 1, 130),
(386, '2022-06-25', 'porco,', 28, 0, 1, 130),
(388, '2022-06-20', 'Restante', 100, 0, 1, 131),
(389, '2022-06-25', 'bife', 25, 0, 1, 131),
(391, '2022-06-02', 'Compras', 22, 0, 1, 116),
(397, '2022-06-27', 'buchada', 37, 0, 1, 100),
(398, '2022-06-27', 'Bife', 90, 0, 1, 105),
(399, '2022-06-27', 'linguiça', 32, 0, 1, 62),
(400, '2022-06-27', 'buchada', 60, 0, 1, 62),
(401, '2022-06-27', 'Carne Moída, linguiça', 30, 0, 1, 84),
(402, '2022-06-27', 'picadinho', 20, 0, 1, 116),
(404, '2022-06-30', 'restante', 20, 1, 1, 142),
(405, '2022-06-27', 'bife', 55, 0, 1, 143),
(406, '2022-06-27', 'Compras', 86, 0, 1, 111),
(407, '2022-06-27', 'boi', 45, 0, 1, 91),
(408, '2022-06-27', 'Carneiro', 55, 0, 1, 69),
(409, '2022-06-27', 'Porco', 35, 0, 1, 99),
(411, '2022-06-27', 'Carneiro', 25, 0, 1, 58),
(412, '2022-06-28', 'Compras', 180, 0, 1, 144),
(413, '2022-06-16', 'Compras', 228, 0, 1, 145),
(414, '2022-06-28', 'Compras', 190, 0, 1, 145),
(415, '2022-06-28', 'Frango', 60, 0, 0, 92),
(416, '2022-06-07', 'Restante', 57, 0, 1, 146),
(417, '2022-06-28', 'Porco', 28, 0, 1, 146),
(418, '2022-06-28', 'Frango, carneiro', 76, 0, 1, 51),
(419, '2022-06-28', 'compra - mãe', 109, 0, 1, 62),
(420, '2022-06-28', 'Frango', 42, 0, 1, 75),
(421, '2022-06-28', 'carne moida, frango, ovo', 61, 0, 1, 90),
(422, '2022-06-28', 'boi', 54, 0, 1, 104),
(425, '2022-06-28', 'Carneiro', 42, 0, 1, 55),
(426, '2022-06-14', 'tripa, carneiro', 25, 0, 1, 150),
(427, '2022-02-17', 'Restante', 70, 0, 1, 150),
(428, '2022-02-17', 'frango, porco', 76, 0, 1, 150),
(429, '2022-03-03', 'linguiça', 20, 0, 1, 150),
(430, '2022-03-07', 'boi, figado, toicinho', 69, 0, 1, 150),
(431, '2022-03-08', 'frango', 48, 0, 1, 150),
(432, '2022-06-17', 'Frango', 40, 0, 1, 153),
(433, '2022-05-31', 'Compras', 84, 0, 1, 154),
(434, '2022-06-09', 'Compras', 48, 0, 1, 155),
(435, '2022-03-31', 'boi', 80, 0, 1, 156),
(436, '2022-04-16', 'boi', 85, 0, 1, 156),
(437, '2022-06-15', 'Compras', 204, 0, 1, 157),
(438, '2022-01-26', 'Costela, frango', 64, 0, 0, 158),
(439, '2022-06-18', 'total somado', 319, 0, 0, 159),
(440, '2022-06-18', 'buchada', 78, 0, 0, 159),
(441, '2022-04-25', 'Carneiro', 62, 0, 1, 160),
(442, '2022-05-06', 'Carne Moída', 42, 0, 1, 160),
(443, '2022-05-06', 'Carneiro', 60, 0, 1, 160),
(444, '2022-05-23', 'Costela', 76, 0, 1, 160),
(445, '2022-05-25', 'Compras', 93, 0, 1, 161),
(447, '2022-05-28', 'Restante', 10, 0, 1, 163),
(448, '2022-05-28', 'Compras', 171, 0, 1, 163),
(449, '2022-06-18', 'Porco, liguiça', 54, 0, 1, 163),
(450, '2022-06-27', 'Carneiro', 50, 0, 1, 81),
(451, '2022-06-29', 'Restante', 120, 1, 1, 89),
(453, '2022-06-11', 'Restante', 12, 0, 1, 165),
(454, '2022-06-11', 'Queijo, linguiça', 62, 0, 1, 165),
(455, '2022-05-14', 'Compras', 85, 0, 1, 165),
(457, '2022-05-25', 'Porco', 25, 0, 1, 168),
(458, '2022-06-21', 'boi', 32, 0, 1, 168),
(459, '2022-06-16', 'carne de sol, carne moida', 142, 0, 1, 169),
(460, '2022-06-18', 'bife, costela', 80, 0, 1, 169),
(461, '2022-06-21', 'Restante', 794, 0, 1, 170),
(462, '2022-06-22', 'restante', 100, 0, 1, 171),
(463, '2022-06-02', 'Compras', 131, 0, 1, 172),
(464, '2022-06-06', 'banha', 25, 0, 1, 172),
(465, '2022-04-08', 'Compras', 138, 0, 1, 173),
(466, '2022-06-18', 'Porco, Bife', 154, 0, 1, 173),
(467, '2022-06-14', 'Porco', 55, 0, 1, 174),
(468, '2022-06-20', 'porco, boi', 90, 0, 1, 174),
(472, '2022-05-06', 'Restante', 112, 0, 1, 175),
(473, '2022-05-09', 'Carneiro, bife', 75, 0, 1, 175),
(474, '2022-05-16', 'Frango', 14, 0, 1, 175),
(475, '2022-05-23', 'Frango', 8, 0, 1, 175),
(480, '2022-06-08', 'Compras', 102, 0, 0, 147),
(481, '2022-05-30', 'Restante', 48, 1, 1, 178),
(482, '2022-05-30', 'Compras', 82, 0, 1, 178),
(483, '2022-06-02', 'bife', 100, 0, 1, 179),
(484, '2022-06-06', 'Costela', 70, 0, 1, 179),
(485, '2022-06-06', 'Restante', 656, 0, 0, 180),
(488, '2022-06-29', 'restante', 51, 0, 1, 181),
(489, '2022-04-16', 'Porco', 24, 0, 0, 182),
(490, '2022-03-17', 'boi, porco', 93, 0, 1, 183),
(491, '2022-05-11', 'calabresa', 26, 0, 1, 183),
(492, '2022-05-26', 'contra file', 60, 0, 1, 183),
(493, '2022-06-22', 'figado misturado', 88, 0, 1, 183),
(494, '2022-06-03', 'Costela', 50, 0, 1, 184),
(495, '2022-06-14', 'Compras', 80, 0, 1, 184),
(496, '2022-04-30', 'Restante', 718, 0, 0, 185),
(497, '2022-06-29', 'Restante', 250, 1, 1, 186),
(498, '2022-05-19', 'Frango, Boi', 63, 0, 1, 187),
(499, '2022-03-23', 'Restante', 5, 0, 0, 188),
(500, '2022-06-07', 'Carne Moída, costela', 84, 0, 1, 189),
(501, '2022-03-17', 'Porco', 51, 0, 1, 190),
(502, '2022-06-29', 'porco', 30, 0, 1, 103),
(503, '2022-06-29', 'Porco', 22, 0, 1, 62),
(504, '2022-06-29', 'Frango', 31, 0, 1, 63),
(506, '2022-06-29', 'Compras', 163, 0, 1, 89),
(507, '2022-06-29', 'moida, salcinha  (mãe)', 52, 0, 1, 89),
(508, '2022-06-29', 'Compras', 86, 0, 1, 68),
(509, '2022-06-29', 'Carne Moída', 44, 0, 1, 189),
(511, '2022-06-29', 'Carne Moída', 32, 0, 1, 99),
(513, '2022-06-29', 'frango', 21, 0, 1, 116),
(514, '2022-06-29', 'Carne Moída', 20, 0, 1, 76),
(515, '2022-06-29', 'Restante', 58, 0, 1, 145),
(519, '2022-06-21', 'Restante', 355, 0, 1, 125),
(520, '2022-06-25', 'Frango', 35, 0, 1, 125),
(521, '2022-06-27', 'buchada', 35, 0, 1, 125),
(522, '2022-06-30', 'Frango, Porco,motandela', 56, 0, 1, 125),
(523, '2022-06-30', 'picadinho', 25, 0, 1, 95),
(524, '2022-06-30', 'Carne Moída', 36, 0, 1, 3),
(526, '2022-07-01', 'boi', 42, 0, 1, 176),
(527, '2022-07-01', 'panelada, figado', 88, 0, 1, 145),
(528, '2022-07-01', 'moisa, frango', 70, 0, 1, 79),
(529, '2022-06-27', 'Restante', 46, 0, 1, 191),
(530, '2022-07-01', 'Panelada', 55, 0, 1, 191),
(531, '2022-07-01', 'calabresa, porco', 66, 0, 1, 89),
(532, '2022-07-01', 'Panelada', 46, 0, 1, 107),
(534, '2022-07-01', 'Costela, boi', 116, 0, 1, 51),
(535, '2022-07-01', 'Compras', 113, 0, 1, 68),
(536, '2022-07-01', 'Frango', 56, 0, 1, 75),
(537, '2022-07-01', 'boi', 41, 0, 1, 76),
(538, '2022-07-01', 'Compras', 58, 0, 1, 122),
(539, '2022-07-01', 'panelada', 47, 0, 1, 192),
(540, '2022-07-01', 'porco', 150, 0, 1, 193),
(543, '2022-07-02', 'Restante', 19, 1, 1, 109),
(545, '2022-07-02', 'Restante', 100, 1, 1, 46),
(546, '2022-06-15', 'Compras', 88, 0, 1, 57),
(547, '2022-06-24', 'Compras', 70, 0, 1, 57),
(550, '2022-06-03', 'frango, moida', 96, 0, 1, 63),
(551, '2022-07-02', 'Restante', 61, 1, 1, 90),
(555, '2022-07-02', 'Restante', 260, 1, 1, 104),
(556, '2022-07-02', 'Restante', 50, 1, 1, 54),
(557, '2022-07-02', 'Restante', 9, 1, 1, 116),
(558, '2022-07-02', 'frango, porco', 97, 0, 1, 109),
(559, '2022-07-02', 'Carne Moída', 55, 0, 1, 46),
(560, '2022-07-02', 'Compras', 74, 0, 1, 68),
(561, '2022-07-02', 'Porco', 44, 0, 1, 75),
(562, '2022-07-02', 'moida', 40, 0, 1, 41),
(563, '2022-07-02', 'Costela', 35, 0, 1, 143),
(564, '2022-07-02', 'frango', 53, 0, 1, 93),
(565, '2022-07-02', 'frango, moida', 87, 0, 1, 176),
(566, '2022-07-02', 'Frango', 52, 0, 1, 144),
(567, '2022-07-02', 'porco, costela', 103, 0, 1, 54),
(568, '2022-07-02', 'costela', 34, 0, 1, 70),
(569, '2022-07-02', 'Peixe', 30, 0, 1, 81),
(570, '2022-07-02', 'bife', 67, 0, 1, 36),
(574, '2022-07-02', 'boi, frango', 66, 0, 1, 194),
(575, '2022-07-02', 'Panelada', 62, 0, 1, 194),
(577, '2022-07-04', 'Restante', 33, 1, 1, 11),
(578, '2022-07-02', 'Restante', 154, 1, 1, 100),
(579, '2022-07-04', 'carne de sol', 35, 0, 1, 95),
(580, '2022-07-04', 'frango', 46, 0, 1, 75),
(582, '2022-07-04', 'bife, figado', 50, 0, 1, 111),
(584, '2022-07-04', 'frango', 34, 0, 1, 161),
(585, '2022-07-04', 'Compras', 22, 0, 1, 116),
(586, '2022-07-04', 'pescoço', 68, 0, 1, 100),
(587, '2022-07-04', 'compras', 180, 0, 1, 11),
(588, '2022-07-04', 'Compras', 75, 0, 1, 107),
(589, '2022-07-05', 'Porco', 24, 0, 1, 73),
(590, '2022-07-05', 'miudo,tripa', 22, 0, 1, 95),
(591, '2022-07-05', 'Compras', 150, 0, 1, 100),
(592, '2022-07-05', 'figado de porco', 58, 0, 1, 52),
(593, '2022-07-05', 'Frango', 39, 0, 1, 164),
(594, '2022-07-05', 'costela', 80, 0, 1, 44),
(595, '2022-07-05', 'frango,', 52, 0, 1, 68),
(596, '2022-07-05', 'Restante', 32, 1, 1, 39),
(597, '2022-07-05', 'banha de porco', 35, 0, 1, 57),
(598, '2022-07-05', 'porco', 36, 0, 1, 76),
(599, '2022-07-05', 'mob', 50, 0, 1, 100),
(600, '2022-07-05', 'porco', 40, 0, 0, 196),
(601, '2022-07-05', 'costela, boi', 112, 0, 1, 157),
(603, '2022-07-06', 'Restante', 35, 1, 1, 163),
(604, '2022-07-06', 'Restante', 83, 1, 1, 55),
(605, '2022-06-29', 'Compras', 52, 0, 1, 197),
(607, '2022-07-06', 'moida', 33, 0, 1, 112),
(608, '2022-07-06', 'frango', 45, 0, 1, 89),
(609, '2022-07-06', 'boi', 85, 0, 1, 172),
(610, '2022-07-06', 'frango', 35, 0, 1, 91),
(611, '2022-07-06', 'moida', 35, 0, 1, 131),
(612, '2022-07-06', 'frango, boi', 104, 0, 1, 51),
(613, '2022-07-06', 'compras', 121, 0, 1, 198),
(614, '2022-07-06', 'restante compra', 3, 0, 1, 129),
(615, '2022-07-06', 'bife', 20, 0, 1, 84),
(616, '2022-07-06', 'Frango', 20, 0, 1, 143),
(618, '2022-07-06', 'bife, costela', 161, 0, 1, 179),
(619, '2022-07-07', 'Compras', 134, 0, 1, 68),
(620, '2022-07-07', 'picadinho', 30, 0, 1, 143),
(621, '2022-07-07', 'Costela', 70, 0, 1, 100),
(622, '2022-07-07', 'Costela', 63, 0, 1, 125),
(623, '2022-07-07', 'Costela', 64, 0, 1, 81),
(624, '2022-07-07', 'Frango', 45, 0, 1, 176),
(625, '2022-07-07', 'Porco', 70, 0, 1, 125),
(626, '2022-07-07', 'Compras', 138, 0, 1, 199),
(627, '2022-07-07', 'Restante', 36, 1, 1, 120),
(628, '2022-07-07', 'Restante', 85, 1, 1, 115),
(629, '2022-07-07', 'Restante', 393, 1, 1, 81),
(630, '2022-07-07', 'lingua de boi', 50, 0, 1, 200),
(631, '2022-07-07', 'Mão de Vaca e moida', 135, 0, 1, 194),
(632, '2022-07-07', 'porco', 61, 0, 1, 106),
(633, '2022-07-07', 'pagamento joelma', 75, 0, 1, 170),
(634, '2022-07-07', 'moida', 38, 0, 1, 189),
(635, '2022-07-07', 'boi', 40, 0, 0, 201),
(636, '2022-07-07', 'boi', 150, 0, 1, 115),
(637, '2022-07-07', 'boi e costela', 132, 0, 1, 192),
(638, '2022-07-07', 'frango e costela', 77, 0, 1, 120),
(640, '2022-07-07', 'Restante', 26, 1, 1, 41),
(642, '2022-07-07', 'humburguer, porco', 48, 0, 1, 41),
(643, '2022-07-07', 'porco', 46, 0, 1, 99),
(644, '2022-07-07', 'porco', 22, 0, 1, 81),
(645, '2022-07-04', 'Porco', 44, 0, 1, 99),
(648, '2022-07-08', 'porco, frango', 39, 0, 1, 116),
(649, '2022-07-08', 'porco', 20, 0, 1, 95),
(650, '2022-07-08', 'Restante', 300, 0, 1, 186),
(651, '2022-07-08', 'Calabresa Móida', 38, 0, 1, 74),
(652, '2022-07-09', 'Restante', 43, 1, 1, 105),
(653, '2022-07-09', 'Restante', 999, 1, 1, 68),
(654, '2022-07-09', 'Restante', 646, 1, 1, 68),
(655, '2022-07-09', 'Restante', 92, 1, 1, 173),
(656, '2022-07-09', 'Restante', 393, 1, 1, 63),
(658, '2022-07-09', 'bife', 75, 0, 1, 105),
(659, '2022-07-09', 'frango', 39, 0, 1, 129),
(660, '2022-07-09', 'porco', 40, 0, 1, 161),
(661, '2022-07-09', 'bife', 40, 0, 1, 103),
(662, '2022-07-09', 'costela de boi', 50, 0, 1, 106),
(663, '2022-07-09', 'Compras', 86, 0, 1, 68),
(664, '2022-07-09', 'Carneiro', 91, 0, 1, 142),
(665, '2022-07-09', 'Carneiro', 33, 0, 1, 87),
(666, '2022-07-09', 'Carneiro', 46, 0, 1, 81),
(667, '2022-07-09', 'Compras', 58, 0, 1, 127),
(668, '2022-07-09', 'filé de peixe', 30, 0, 1, 36),
(669, '2022-07-09', 'Carneiro', 77, 0, 1, 69),
(670, '2022-07-09', 'Calabresa, carne de sol', 32, 0, 1, 143),
(671, '2022-07-09', 'calabresa', 8, 0, 1, 89),
(672, '2022-07-09', 'Compras', 87, 0, 0, 201),
(673, '2022-07-11', 'Restante', 41, 1, 1, 142),
(674, '2022-07-09', 'panelada ', 25, 0, 1, 84),
(675, '2022-07-11', 'Compras', 54, 0, 1, 100),
(677, '2022-07-11', 'Compras', 108, 0, 1, 68),
(679, '2022-07-11', 'calabresa', 14, 0, 1, 84),
(680, '2022-07-11', 'moida (valci)', 40, 0, 1, 131),
(681, '2022-07-11', 'compras', 327, 0, 1, 44),
(682, '2022-07-11', 'Restante', 132, 1, 0, 183),
(683, '2022-07-11', 'compras', 132, 0, 1, 73),
(684, '2022-07-11', 'Panelada', 67, 0, 1, 107),
(685, '2022-07-11', 'frango', 33, 0, 1, 93),
(687, '2022-07-11', 'boi, nata', 56, 0, 1, 41),
(689, '2022-07-11', 'Frango', 47, 0, 1, 122),
(690, '2022-07-11', 'boi moido', 23, 0, 0, 153),
(691, '2022-07-11', 'costela', 50, 0, 0, 183),
(694, '2022-07-12', 'Restante', 72, 1, 1, 169),
(695, '2022-07-12', 'Frango', 19, 0, 1, 106),
(696, '2022-07-12', 'salsicha, moida', 30, 0, 1, 89),
(697, '2022-07-12', 'Compras', 155, 0, 1, 169),
(698, '2022-07-12', 'porco, pescoço', 52, 0, 1, 112),
(699, '2022-07-12', 'ovo, salsisha', 26, 0, 1, 90),
(700, '2022-07-12', 'Restante', 114, 1, 1, 84),
(701, '2022-07-13', 'Restante', 38, 1, 1, 202),
(702, '2022-07-13', 'restante', 115, 1, 1, 123),
(703, '2022-07-13', 'Restante', 128, 1, 1, 107),
(704, '2022-07-13', 'Total Somado ano 2022', 8000, 1, 0, 203),
(705, '2022-07-13', 'Porco', 57, 0, 1, 39),
(706, '2022-07-13', 'ovo, carne de sol linguiça', 103, 0, 1, 68),
(707, '2022-07-13', 'costela, coração, moida', 69, 0, 1, 202),
(708, '2022-07-13', 'Frango', 38, 0, 1, 100),
(709, '2022-07-13', 'Compras', 72, 0, 1, 154),
(710, '2022-07-13', 'Frango', 40, 0, 1, 81),
(711, '2022-07-13', 'frango, porco', 69, 0, 1, 51),
(712, '2022-07-13', 'Mortadela', 10, 0, 1, 43),
(713, '2022-07-13', 'Porco', 26, 0, 1, 90),
(714, '2022-07-13', 'Dinheiro', 70, 0, 1, 11),
(715, '2022-07-13', 'Porco', 43, 0, 1, 104),
(717, '2022-07-13', 'casa castro - misturas', 71, 0, 1, 170),
(718, '2022-07-13', 'pintor', 88, 0, 1, 170),
(719, '2022-07-13', 'tinta', 80, 0, 1, 170),
(720, '2022-07-13', 'brilo', 65, 0, 1, 170),
(721, '2022-07-13', 'bisnaguinha', 15, 0, 1, 170),
(722, '2022-07-13', 'cropt', 160, 0, 1, 170),
(723, '2022-07-13', 'energia, agua', 117, 0, 1, 170),
(743, '2022-07-14', 'compras', 90, 0, 1, 205),
(744, '2022-07-14', 'porco', 27, 0, 1, 106),
(746, '2022-07-14', 'porco, liguiça, costela', 90, 0, 1, 117),
(748, '2022-07-14', 'exame', 60, 0, 1, 170),
(749, '2022-07-14', 'moida', 35, 0, 1, 76),
(750, '2022-07-14', 'bife', 30, 0, 1, 206),
(751, '2022-07-14', 'Carne Moída', 16, 0, 1, 90),
(752, '2022-07-14', 'Frango', 18, 0, 1, 116),
(753, '2022-07-14', 'porco', 69, 0, 0, 147),
(754, '2022-07-14', 'compras', 101, 0, 1, 199),
(764, '2022-07-15', 'panelada', 40, 0, 1, 29),
(765, '2022-07-15', 'Panelada', 77, 0, 1, 157),
(766, '2022-07-15', 'Compras', 140, 0, 1, 100),
(767, '2022-07-15', 'panelada ', 46, 0, 1, 76),
(768, '2022-07-15', 'Filé de Peixe,boi', 65, 0, 1, 103),
(769, '2022-07-15', 'Frango, Boi', 95, 0, 1, 57),
(770, '2022-07-15', 'Costela, boi', 108, 0, 1, 51),
(773, '2022-07-15', 'Panelada', 33, 0, 1, 155),
(774, '2022-07-15', 'Porco, figado', 61, 0, 1, 144),
(776, '2022-07-15', 'Restante', 173, 0, 1, 66),
(777, '2022-07-15', 'frango', 39, 0, 1, 79),
(778, '2022-07-15', 'calabresa, frango', 61, 0, 1, 89),
(779, '2022-07-15', 'rabada, bife', 60, 0, 1, 191),
(780, '2022-07-16', 'Restante', 432, 1, 1, 80),
(783, '2022-07-16', 'Restante', 31, 1, 1, 43),
(784, '2022-07-16', 'compras', 111, 0, 1, 68),
(785, '2022-07-16', 'costela', 40, 0, 1, 31),
(787, '2022-07-16', 'porco', 52, 0, 1, 174),
(788, '2022-07-16', 'frango', 42, 0, 1, 175),
(789, '2022-07-16', 'frango', 48, 0, 1, 43),
(790, '2022-07-16', 'compras', 40, 0, 1, 73),
(791, '2022-07-16', 'porco, boi, carne de sol', 150, 0, 1, 105),
(792, '2022-07-16', 'carne de sol', 134, 0, 1, 194),
(793, '2022-07-16', 'Frango, Linguiça', 81, 0, 1, 165),
(794, '2022-07-16', 'patinho', 80, 0, 1, 173),
(795, '2022-07-16', 'Restante', 323, 1, 1, 62),
(796, '2022-07-18', 'Restante', 77, 1, 1, 169),
(798, '2022-07-18', 'Restante', 49, 1, 1, 43),
(800, '2022-07-18', 'limpeza de pele, base de unha, frete', 110, 0, 1, 170),
(801, '2022-07-18', 'porco', 27, 0, 1, 86),
(802, '2022-07-18', 'Frango', 43, 0, 1, 93),
(803, '2022-07-18', 'Compras', 91, 0, 1, 207),
(804, '2022-07-18', 'costela', 18, 0, 1, 116),
(805, '2022-07-18', 'porco', 40, 0, 1, 62),
(806, '2022-07-18', 'carne moida', 35, 0, 1, 95),
(807, '2022-07-18', 'frango, porco, figado de porco', 108, 0, 1, 46),
(808, '2022-07-18', 'frango', 54, 0, 0, 108),
(809, '2022-07-18', 'porco', 32, 0, 1, 165),
(810, '2022-07-18', 'banha', 38, 0, 1, 172),
(811, '2022-07-18', 'costela, carne de sol', 157, 0, 1, 169),
(813, '2022-07-18', 'boi', 122, 0, 1, 48),
(814, '2022-07-18', 'salsicha, mortadela, coração', 51, 0, 1, 81),
(815, '2022-07-18', 'carne moida, porco', 96, 0, 1, 80),
(816, '2022-07-18', 'porco', 68, 0, 1, 107),
(817, '2022-07-18', 'porco', 24, 0, 1, 155),
(818, '2022-07-18', 'boi', 61, 0, 1, 141),
(819, '2022-07-19', 'Restante', 38, 1, 1, 3),
(820, '2022-07-19', 'Corredor', 45, 0, 1, 112),
(821, '2022-07-19', 'moida, frango', 34, 0, 1, 84),
(822, '2022-07-19', 'bife, costela', 78, 0, 1, 202),
(823, '2022-07-19', 'costela', 40, 0, 1, 57),
(824, '2022-07-19', 'Toicinho', 20, 0, 1, 184),
(826, '2022-07-19', 'compras', 77, 0, 1, 41),
(827, '2022-07-19', 'restante', 49, 1, 1, 208),
(828, '2022-07-19', 'boi', 42, 0, 1, 208),
(830, '2022-07-19', 'Restante', 95, 1, 1, 123),
(831, '2022-07-20', 'Restante', 13, 1, 1, 165),
(832, '2022-07-20', 'bife', 22, 0, 1, 210),
(833, '2022-07-20', 'Mortadela', 20, 0, 1, 174),
(834, '2022-07-20', 'bife', 39, 0, 1, 131),
(836, '2022-07-20', 'porco', 20, 0, 1, 95),
(837, '2022-07-20', 'frango, peito de frango', 52, 0, 1, 51),
(838, '2022-07-20', 'carne de sol, frango, figado', 88, 0, 1, 74),
(839, '2022-07-20', 'Frango', 48, 0, 1, 145),
(840, '2022-07-20', 'compras', 72, 0, 1, 116),
(841, '2022-07-20', 'filé ', 170, 0, 1, 66),
(842, '2022-07-20', 'nata, boi', 46, 0, 0, 201),
(843, '2022-07-20', 'porco', 37, 0, 1, 206),
(844, '2022-07-20', 'porco', 45, 0, 1, 76),
(845, '2022-07-20', 'compras', 176, 0, 1, 199),
(846, '2022-07-20', 'Mortadela', 20, 0, 1, 99),
(847, '2022-07-20', 'banha de porco', 38, 0, 1, 194),
(848, '2022-07-20', 'porco', 50, 0, 1, 211),
(849, '2022-07-21', 'Restante', 2, 1, 1, 129),
(850, '2022-07-21', 'Restante', 202, 1, 1, 50),
(851, '2022-07-21', 'Restante', 200, 1, 1, 50),
(852, '2022-07-21', 'figado. porco', 45, 0, 1, 106),
(853, '2022-07-21', 'moida, frango', 60, 0, 1, 79),
(854, '2022-07-21', 'compras', 97, 0, 1, 165),
(855, '2022-07-21', 'frango', 42, 0, 1, 129),
(856, '2022-07-21', 'ovo, frango, dinheiro', 76, 0, 0, 203),
(857, '2022-07-21', 'figado, pescoço', 78, 0, 1, 62),
(858, '2022-07-21', 'porco', 40, 0, 1, 69),
(860, '2022-07-21', 'mortadela', 21, 0, 1, 107),
(861, '2022-07-21', 'atacarejo ', 100, 0, 1, 170),
(862, '2022-07-21', 'bota', 190, 0, 1, 170),
(863, '2022-07-21', 'Restante', 414, 1, 1, 125),
(864, '2022-07-22', 'Restante', 134, 1, 1, 169),
(865, '2022-07-22', 'Restante', 70, 0, 1, 82),
(866, '2022-07-22', 'frango', 38, 0, 1, 212),
(867, '2022-07-22', 'Costela', 40, 0, 1, 91),
(868, '2022-07-22', 'carne de sol, patinho', 100, 0, 1, 169),
(869, '2022-07-22', 'porco', 18, 0, 1, 84),
(871, '2022-07-22', 'costela, bife', 59, 0, 1, 95),
(872, '2022-07-22', 'ovo, frango', 48, 0, 1, 90),
(873, '2022-07-22', 'compra', 55, 0, 1, 181),
(874, '2022-07-22', 'compras', 83, 0, 1, 213),
(875, '2022-07-22', 'moida', 30, 0, 1, 214),
(879, '2022-07-22', 'porco', 30, 0, 1, 3),
(880, '2022-07-22', 'boi', 36, 0, 0, 108),
(881, '2022-07-23', 'Restante', 5, 1, 1, 103),
(882, '2022-07-05', 'frango', 30, 0, 1, 145),
(883, '2022-07-23', 'frango, costela, porco', 119, 0, 1, 100),
(884, '2022-07-23', 'boi', 15, 0, 1, 129),
(885, '2022-07-23', 'porco, bife', 84, 0, 1, 103),
(887, '2022-07-23', 'Frango', 18, 0, 1, 95),
(888, '2022-07-23', 'corredorm filé de peixe', 117, 0, 1, 43),
(889, '2022-07-23', 'carne de sol', 5, 0, 1, 68),
(891, '2022-07-23', 'carne de sol', 125, 0, 1, 105),
(892, '2022-07-23', 'porco', 56, 0, 1, 62),
(893, '2022-07-23', 'frango, boi', 88, 0, 1, 145),
(894, '2022-07-23', 'frango', 33, 0, 1, 106),
(895, '2022-07-23', 'linguiça', 19, 0, 1, 76),
(897, '2022-07-23', 'fatura do celular', 110, 0, 1, 170),
(898, '2022-07-23', 'galinha caipira', 15, 0, 1, 170),
(899, '2022-07-23', 'galinha caipira', 15, 0, 1, 125),
(900, '2022-07-23', 'Correntezinha', 20, 0, 1, 125),
(901, '2022-07-25', 'Restante', 81, 1, 0, 191),
(903, '2022-07-25', 'bucho, tripa de porco', 121, 0, 1, 100),
(904, '2022-07-25', 'panelada, filé de peixe', 78, 0, 1, 43),
(905, '2022-07-25', 'Costela', 30, 0, 1, 165),
(906, '2022-07-25', 'Figado', 15, 0, 1, 95),
(907, '2022-07-25', 'ovo, peixe, panelada', 46, 0, 1, 84),
(908, '2022-07-25', 'Filé de Peixe', 16, 0, 1, 41),
(909, '2022-07-25', 'porco, boi', 194, 0, 1, 115),
(910, '2022-07-25', 'costela, boi', 108, 0, 1, 51),
(911, '2022-07-25', 'frango', 42, 0, 1, 120),
(912, '2022-07-25', 'Carne Moída', 40, 0, 1, 176),
(913, '2022-07-25', 'porco', 36, 0, 1, 69),
(915, '2022-07-25', 'filé de boi', 177, 0, 1, 66),
(919, '2022-07-26', 'frango, costela', 77, 0, 1, 99),
(920, '2022-07-26', 'salsinha, mortadela', 15, 0, 1, 95),
(921, '2022-07-26', 'costela', 36, 0, 0, 191),
(924, '2022-07-26', 'boi', 55, 0, 1, 208),
(925, '2022-07-26', 'corredor', 60, 0, 1, 100),
(926, '2022-07-26', 'corredor', 51, 0, 1, 125),
(927, '2022-07-26', 'corredor e frango', 90, 0, 1, 81),
(928, '2022-07-26', 'compras', 114, 0, 0, 147),
(930, '2022-07-26', 'compras', 124, 0, 1, 118),
(931, '2022-07-26', 'queijo', 36, 0, 1, 165),
(932, '2022-07-26', 'queijo, porco', 132, 0, 1, 107),
(935, '2022-07-27', 'costela', 30, 0, 1, 131),
(936, '2022-07-27', 'corredor', 58, 0, 1, 155),
(937, '2022-07-27', 'frango', 40, 0, 1, 89),
(938, '2022-07-27', 'queijo, panelada', 92, 0, 1, 215),
(939, '2022-07-27', 'bife', 27, 0, 1, 95),
(940, '2022-07-27', 'porco', 27, 0, 1, 107),
(941, '2022-07-27', 'panelada, salsicha, nata', 66, 0, 1, 199),
(944, '2022-07-27', 'porco', 42, 0, 1, 39),
(945, '2022-07-28', 'Restante', 50, 1, 1, 178),
(946, '2022-07-28', 'frango', 24, 0, 1, 51),
(947, '2022-07-28', 'porco', 60, 0, 1, 189),
(949, '2022-07-28', 'moida', 23, 0, 1, 86),
(950, '2022-07-28', 'frango e porco', 36, 0, 1, 125),
(951, '2022-07-28', 'figado de porco', 20, 0, 1, 178),
(952, '2022-07-28', 'restante', 474, 1, 1, 100),
(958, '2022-07-29', 'Restante', 838, 0, 1, 170),
(960, '2022-07-29', 'frango', 39, 0, 1, 52),
(961, '2022-07-29', 'porco', 160, 0, 1, 40),
(962, '2022-07-29', 'frango', 34, 0, 1, 211),
(963, '2022-07-29', 'salsicha e costela', 30, 0, 1, 213),
(964, '2022-07-29', 'frango', 48, 0, 1, 125),
(965, '2022-07-29', 'compra', 45, 0, 1, 104),
(966, '2022-07-29', 'compra', 67, 0, 1, 99),
(968, '2022-07-30', 'Restante', 33, 0, 1, 89),
(969, '2022-07-30', 'Restante', 1758, 1, 1, 68),
(970, '2022-07-30', 'Restante', 68, 0, 1, 213),
(971, '2022-07-30', 'porco', 50, 0, 1, 91),
(972, '2022-07-30', 'frango', 42, 0, 1, 93),
(973, '2022-07-30', 'frango', 16, 0, 1, 51),
(974, '2022-07-30', 'orelha,calabresa', 16, 0, 1, 143),
(975, '2022-07-30', 'porco', 24, 0, 1, 95),
(976, '2022-07-30', 'porco,linguiça,frango,queijo,calabresa', 153, 0, 1, 89),
(977, '2022-07-30', 'ovo', 10, 0, 1, 90),
(979, '2022-07-30', 'moida,frango,boi', 88, 0, 0, 191),
(980, '2022-08-01', 'Restante', 42, 1, 1, 129),
(981, '2022-08-01', 'Restante', 11, 1, 1, 122),
(983, '2022-08-01', 'Restante', 40, 1, 1, 160),
(984, '2022-08-01', 'Restante', 64, 1, 1, 176),
(986, '2022-07-15', 'panelada', 46, 0, 1, 174),
(987, '2022-08-01', 'carne moida', 40, 0, 1, 99),
(988, '2022-08-01', 'frango', 50, 0, 1, 107),
(989, '2022-08-01', 'carne moida', 22, 0, 1, 84),
(991, '2022-08-01', 'porco, frango', 73, 0, 1, 122),
(992, '2022-08-01', 'filé de boi', 185, 0, 1, 66),
(993, '2022-08-01', 'frango', 44, 0, 1, 176),
(994, '2022-08-01', 'frango', 44, 0, 1, 141),
(995, '2022-08-01', 'salsicha, frango', 50, 0, 1, 89),
(996, '2022-08-01', 'panelada', 25, 0, 1, 95),
(997, '2022-08-02', 'Restante', 97, 1, 1, 208),
(998, '2022-08-02', 'Restante', 40, 1, 1, 205),
(999, '2022-08-02', 'Restante', 170, 1, 1, 91),
(1000, '2022-08-02', 'Restante', 159, 0, 1, 104),
(1001, '2022-08-02', 'Restante', 193, 1, 1, 63),
(1002, '2022-08-02', 'Restante', 53, 1, 1, 54),
(1004, '2022-08-02', 'porco,frango', 67, 0, 1, 109),
(1005, '2022-08-02', 'patinho,costela', 176, 0, 1, 179),
(1006, '2022-08-02', 'porco', 38, 0, 1, 199),
(1007, '2022-08-02', 'moida,frango', 51, 0, 1, 121),
(1008, '2022-08-02', 'boi,bife', 57, 0, 1, 161),
(1009, '2022-08-02', 'bife', 25, 0, 1, 89),
(1010, '2022-08-02', 'nata,porco,costela,linguiça', 167, 0, 1, 163),
(1011, '2022-08-02', 'boi,panelada,calabresa', 139, 0, 0, 61),
(1013, '2022-08-03', 'costela', 26, 0, 1, 206),
(1014, '2022-08-03', 'Restante', 23, 1, 1, 206),
(1015, '2022-08-03', 'Restante', 94, 1, 1, 100),
(1017, '2022-08-03', 'restante', 9, 1, 1, 172),
(1018, '2022-08-03', 'porco', 14, 0, 1, 216),
(1019, '2022-08-03', 'carne sol,frango', 57, 0, 1, 217),
(1020, '2022-08-03', 'joelma,enel', 154, 0, 1, 170),
(1021, '2022-08-03', 'porco,frango', 46, 0, 1, 89),
(1022, '2022-08-03', 'porco,frango,moida', 98, 0, 1, 100),
(1025, '2022-08-03', 'frango', 25, 0, 1, 90),
(1026, '2022-08-03', 'tripa de porco', 18, 0, 1, 213),
(1028, '2022-08-03', 'frango,moida', 42, 0, 1, 2),
(1029, '2022-08-03', 'porco', 52, 0, 1, 165),
(1030, '2022-08-04', 'Restante', 84, 1, 1, 169),
(1031, '2022-08-04', 'restante', 50, 1, 1, 88),
(1032, '2022-08-04', 'carne sol', 22, 0, 1, 88),
(1033, '2022-08-04', 'Restante', 23, 1, 1, 41),
(1035, '2022-08-03', 'porco', 27, 0, 1, 174),
(1036, '2022-08-04', 'porco, carne de sol', 100, 0, 1, 169),
(1039, '2022-08-04', 'frango, linguiça, nata, Hambúrguer', 82, 0, 1, 41),
(1040, '2022-08-04', 'porco', 23, 0, 1, 63),
(1041, '2022-08-04', 'linguiça, salsinha, ovos, mortadela', 48, 0, 1, 90),
(1042, '2022-08-04', 'gás', 58, 0, 1, 170),
(1043, '2022-07-08', 'compra', 42, 0, 1, 51),
(1044, '2022-08-01', 'boi', 72, 0, 1, 51),
(1045, '2022-08-04', 'frango', 32, 0, 1, 51),
(1046, '2022-08-05', 'frango', 15, 0, 1, 218),
(1047, '2022-08-01', 'compra passada', 18, 0, 1, 218),
(1048, '2022-08-05', 'panelada,calabresa,porco', 94, 0, 1, 197),
(1049, '2022-08-05', 'costela,mão de vaca,colchão mole, panelada', 186, 0, 1, 94),
(1050, '2022-08-05', 'panelada,mob', 85, 0, 1, 100),
(1052, '2022-08-05', 'patinho', 127, 0, 1, 172),
(1053, '2022-08-05', 'frango', 60, 0, 1, 179),
(1055, '2022-08-05', 'compras', 144, 0, 1, 52),
(1056, '2022-08-05', 'pescoço,panelada', 145, 0, 1, 62),
(1057, '2022-08-05', 'panelada,figado', 68, 0, 1, 51),
(1058, '2022-08-05', 'costela', 30, 0, 1, 41),
(1059, '2022-08-05', 'porco', 39, 0, 1, 39),
(1060, '2022-08-05', 'frango', 32, 0, 1, 79),
(1061, '2022-08-06', 'Restante', 100, 1, 1, 81),
(1062, '2022-08-03', 'porco', 48, 0, 1, 174),
(1063, '2022-08-05', 'panelada,figado', 98, 0, 1, 44),
(1064, '2022-08-06', 'moida', 38, 0, 1, 131),
(1065, '2022-08-06', 'toicinho', 20, 0, 1, 91),
(1066, '2022-08-06', 'porco, costela, frango', 102, 0, 1, 106),
(1067, '2022-08-06', 'mortadela', 27, 0, 1, 174),
(1068, '2022-08-06', 'frango', 20, 0, 1, 143),
(1069, '2022-08-06', 'porco, figado ', 81, 0, 1, 107),
(1070, '2022-08-06', 'porco', 150, 0, 1, 193),
(1071, '2022-08-06', 'porco', 64, 0, 1, 100),
(1072, '2022-08-06', 'frango', 25, 0, 1, 219),
(1073, '2022-08-06', 'frango', 35, 0, 1, 104),
(1074, '2022-08-06', 'ovo', 15, 0, 1, 106),
(1076, '2022-08-06', 'carne de sol', 44, 0, 1, 213),
(1077, '2022-08-06', 'frango da sopa', 8, 0, 1, 100),
(1078, '2022-08-06', 'Frango Da Sopa', 8, 0, 1, 170),
(1079, '2022-08-06', 'Frango Da Sopa', 8, 0, 1, 81),
(1081, '2022-08-06', 'carne moida', 20, 0, 1, 218),
(1082, '2022-08-08', 'Restante', 33, 1, 1, 46),
(1083, '2022-08-07', 'porco', 22, 0, 1, 100),
(1084, '2022-08-08', 'Restante', 29, 1, 1, 115),
(1085, '2022-08-08', 'Restante', 35, 1, 1, 120),
(1087, '2022-08-08', 'frango, queijo', 70, 0, 1, 43),
(1088, '2022-08-08', 'bife, carne moida', 124, 0, 1, 189),
(1089, '2022-08-08', 'dinheiro', 15, 0, 1, 165),
(1090, '2022-08-08', 'bife, frango, banha', 125, 0, 1, 57),
(1091, '2022-08-08', 'ovo, porco, salsicha, mortadela', 55, 0, 1, 125),
(1092, '2022-08-08', 'boi, costela', 130, 0, 1, 115),
(1093, '2022-08-08', 'frango', 40, 0, 1, 176),
(1095, '2022-08-08', 'toicinho (mae)', 17, 0, 1, 3),
(1096, '2022-08-08', 'frango, porco', 87, 0, 1, 120),
(1097, '2022-08-08', 'boi', 72, 0, 1, 51),
(1098, '2022-08-08', 'compras', 128, 0, 1, 81),
(1099, '2022-08-08', 'picadinho', 20, 0, 1, 218),
(1100, '2022-08-08', 'frango, costela', 63, 0, 0, 191),
(1101, '2022-08-08', 'empanado', 24, 0, 1, 101),
(1102, '2022-08-09', 'Restante', 84, 1, 1, 169),
(1103, '2022-08-09', 'Restante', 65, 1, 1, 155),
(1104, '2022-08-09', 'Restante', 47, 1, 1, 208),
(1105, '2022-08-09', 'Restante', 22, 1, 1, 88),
(1106, '2022-08-09', 'Restante', 292, 1, 1, 62),
(1107, '2022-08-09', 'pé de porco, porco', 72, 0, 1, 46),
(1108, '2022-08-09', 'porco, toicinho', 46, 0, 1, 127),
(1109, '2022-08-09', 'picadinho', 46, 0, 1, 169),
(1112, '2022-08-09', 'moida', 38, 0, 1, 197),
(1113, '2022-08-09', 'frango, porco', 72, 0, 1, 100),
(1117, '2022-08-09', 'compra', 35, 0, 1, 99),
(1118, '2022-08-09', 'porco', 51, 0, 1, 99),
(1119, '2022-08-09', 'queijo', 36, 0, 1, 99),
(1120, '2022-08-09', 'ovo, salsicha, mortadela, frango', 90, 0, 1, 89),
(1122, '2022-08-09', 'porco', 20, 0, 1, 218),
(1123, '2022-08-10', 'ovo', 15, 0, 1, 84),
(1124, '2022-08-10', 'boi', 45, 0, 1, 220),
(1125, '2022-08-10', 'porco', 30, 0, 1, 103),
(1126, '2022-08-10', 'coxão mole', 200, 0, 1, 115),
(1127, '2022-08-10', 'frango', 21, 0, 1, 106),
(1128, '2022-08-10', 'compra', 25, 0, 1, 206),
(1129, '2022-08-10', 'frango', 40, 0, 1, 125),
(1130, '2022-08-10', 'mob e agua', 37, 0, 1, 170),
(1131, '2022-08-10', 'frango', 18, 0, 1, 87),
(1132, '2022-08-10', 'patinho', 168, 0, 1, 44),
(1133, '2022-08-10', 'porco', 87, 0, 1, 40),
(1134, '2022-08-10', 'tripa', 32, 0, 1, 79),
(1135, '2022-08-10', 'frango', 22, 0, 1, 218),
(1136, '2022-08-11', 'Restante', 32, 1, 1, 117),
(1137, '2022-08-11', 'Restante', 53, 1, 1, 58),
(1138, '2022-08-11', 'Restante', 93, 1, 0, 105),
(1139, '2022-08-11', 'nata', 15, 0, 1, 62),
(1140, '2022-08-11', 'porco,figado', 120, 0, 0, 61),
(1141, '2022-08-11', 'boi,porco', 49, 0, 1, 199),
(1144, '2022-08-09', 'restante e dinheiro emprestado', 999, 1, 1, 83),
(1145, '2022-08-09', 'Restante E Dinheiro Emprestado', 131, 1, 1, 83),
(1146, '2022-08-12', 'restante', 202, 1, 1, 85),
(1147, '2022-08-12', 'Moida', 57, 0, 1, 85),
(1148, '2022-08-12', 'Restante', 50, 1, 0, 97),
(1149, '2022-08-12', 'maquininha', 13, 0, 1, 213),
(1150, '2022-08-12', 'dinheiro emprestado', 100, 0, 1, 165),
(1151, '2022-08-12', 'porco, frango', 81, 0, 1, 83),
(1152, '2022-08-12', 'orelha de porco', 13, 0, 1, 202),
(1153, '2022-08-12', 'bife', 105, 0, 0, 105),
(1154, '2022-08-12', 'costela', 32, 0, 1, 213),
(1155, '2022-08-12', 'bife', 134, 0, 1, 221),
(1156, '2022-08-12', 'mao de vaca', 45, 0, 1, 112),
(1157, '2022-08-12', 'moida', 25, 0, 1, 160),
(1158, '2022-08-12', 'frango', 56, 0, 1, 81),
(1159, '2022-08-12', 'frango, picadinho', 44, 0, 1, 116),
(1160, '2022-08-12', 'costela', 31, 0, 1, 90),
(1161, '2022-08-24', 'restante', 100, 0, 1, 193),
(1162, '2022-08-13', 'restante', 15, 1, 1, 129),
(1163, '2022-08-13', ' casa castro', 175, 0, 1, 170),
(1164, '2022-08-12', 'costela', 10, 0, 1, 213),
(1165, '2022-08-13', 'frango', 46, 0, 1, 85),
(1166, '2022-08-13', 'Restante', 155, 1, 1, 85),
(1167, '2022-08-13', 'moida', 30, 0, 1, 91),
(1168, '2022-08-13', 'carneiro', 28, 0, 1, 51),
(1169, '2022-08-13', 'carneiro', 65, 0, 1, 106),
(1170, '2022-08-13', 'carneiro', 42, 0, 1, 100),
(1171, '2022-08-13', 'carneiro', 65, 0, 1, 142),
(1172, '2022-08-13', 'porco', 40, 0, 1, 103),
(1173, '2022-08-13', 'compras', 61, 0, 1, 213),
(1174, '2022-08-13', 'frango', 47, 0, 1, 93),
(1175, '2022-08-13', 'bisteca', 35, 0, 1, 125),
(1176, '2022-08-13', 'porco', 60, 0, 1, 62),
(1177, '2022-08-13', 'compra', 40, 0, 1, 90),
(1178, '2022-08-13', 'bisteca', 35, 0, 1, 3),
(1179, '2022-08-13', 'proco, carneiro', 108, 0, 1, 69),
(1180, '2022-08-13', 'restante', 95, 1, 1, 110),
(1181, '2022-08-13', 'rifa', 20, 0, 1, 110),
(1183, '2022-08-15', 'Restante', 143, 1, 1, 165),
(1184, '2022-08-02', 'compra', 75, 0, 1, 104),
(1185, '2022-08-15', 'porco', 64, 0, 1, 41),
(1186, '2022-08-15', 'frango', 36, 0, 1, 175),
(1187, '2022-08-15', 'moída', 30, 0, 1, 222),
(1188, '2022-08-15', 'costela, boi, carne de sol', 174, 0, 1, 88),
(1189, '2022-08-15', 'costela, frango', 71, 0, 1, 213),
(1190, '2022-08-15', 'dinheiro', 15, 0, 1, 96),
(1191, '2022-08-15', 'compras', 50, 0, 1, 143),
(1192, '2022-08-15', 'costela, bife', 108, 0, 1, 51),
(1193, '2022-08-15', 'porco', 39, 0, 1, 107),
(1194, '2022-08-15', 'bife ', 71, 0, 1, 85),
(1195, '2022-08-15', 'frango, toicinho', 134, 0, 1, 165),
(1196, '2022-08-15', 'compra', 53, 0, 1, 111),
(1197, '2022-08-15', 'frango, bife, cosleta', 198, 0, 1, 110),
(1198, '2022-08-15', 'filé ', 150, 0, 1, 221),
(1199, '2022-08-15', 'linguiça', 29, 0, 1, 89),
(1200, '2022-08-15', 'boi', 56, 0, 1, 157),
(1201, '2022-08-27', 'bife', 117, 0, 1, 221),
(1202, '2022-08-16', 'Restante', 114, 1, 1, 84),
(1203, '2022-08-16', 'Restante', 59, 1, 1, 85),
(1204, '2022-08-16', 'Restante', 98, 1, 1, 202),
(1205, '2022-08-16', 'frango', 36, 0, 1, 197),
(1206, '2022-08-16', 'costela, boi', 46, 0, 1, 223),
(1207, '2022-08-16', 'queijo, boi, moida', 60, 0, 1, 104),
(1208, '2022-08-16', 'frango', 53, 0, 1, 221),
(1210, '2022-08-17', 'Restante', 198, 1, 1, 76),
(1211, '2022-08-17', 'porco', 150, 0, 1, 40),
(1213, '2022-08-17', 'porco', 50, 0, 1, 100),
(1214, '2022-08-17', 'frango', 27, 0, 1, 100),
(1215, '2022-08-17', 'porco,tripa', 33, 0, 1, 76),
(1216, '2022-08-17', 'costela,queijo', 84, 0, 1, 212),
(1217, '2022-08-17', 'tripa', 10, 0, 1, 81),
(1218, '2022-08-17', 'queijo', 16, 0, 1, 81),
(1219, '2022-08-17', 'tocinho,frango', 71, 0, 1, 122),
(1220, '2022-08-17', 'figado de porco', 60, 0, 1, 178),
(1221, '2022-08-11', 'filé do boi', 65, 0, 1, 48),
(1222, '2022-08-18', 'Restante', 4, 1, 1, 85),
(1223, '2022-08-18', 'carne moída', 80, 0, 1, 85),
(1224, '2022-08-18', 'porco', 39, 0, 1, 174),
(1225, '2022-08-18', 'porco', 30, 0, 1, 112),
(1226, '2022-08-18', 'compras', 65, 0, 0, 92),
(1227, '2022-08-18', 'frango', 53, 0, 1, 176),
(1228, '2022-08-18', 'porco', 30, 0, 1, 189),
(1229, '2022-08-18', 'costela', 30, 0, 1, 95),
(1230, '2022-08-18', 'carneiro', 32, 0, 1, 213),
(1231, '2022-08-18', 'carneiro', 60, 0, 1, 142),
(1232, '2022-08-18', 'frango', 40, 0, 1, 79),
(1233, '2022-08-18', 'compra', 104, 0, 1, 42),
(1234, '2022-08-18', 'carneiro', 35, 0, 1, 42),
(1235, '2022-08-18', 'boi', 86, 0, 1, 48),
(1237, '2022-08-18', 'carneiro', 42, 0, 1, 51),
(1238, '2022-08-18', 'carneiro', 34, 0, 1, 100),
(1239, '2022-08-18', 'boi', 66, 0, 1, 165),
(1240, '2022-08-18', 'frango', 20, 0, 1, 90),
(1241, '2022-08-18', 'carne sol', 34, 0, 1, 79),
(1242, '2022-08-18', 'queijo,  costela, frango', 76, 0, 1, 199),
(1243, '2022-08-18', 'picadinho', 24, 0, 1, 218),
(1244, '2022-08-12', 'picadinho', 22, 0, 1, 218),
(1245, '2022-08-15', 'bife', 24, 0, 1, 218),
(1246, '2022-08-19', 'Restante', 355, 1, 1, 80),
(1247, '2022-08-19', 'Restante', 338, 1, 1, 170),
(1248, '2022-08-19', 'frango, porco', 103, 0, 1, 99),
(1249, '2022-08-19', 'frango', 37, 0, 1, 109),
(1250, '2022-08-19', 'porco', 40, 0, 1, 103),
(1251, '2022-08-05', 'frango,costela', 46, 0, 1, 116),
(1252, '2022-08-19', 'compra', 66, 0, 1, 116),
(1253, '2022-08-19', 'boi', 45, 0, 1, 164),
(1254, '2022-08-19', 'porco', 60, 0, 1, 110),
(1255, '2022-08-19', 'boi', 22, 0, 1, 95),
(1256, '2022-08-19', 'boi', 60, 0, 1, 69),
(1257, '2022-08-19', 'osso', 75, 0, 1, 81),
(1258, '2022-08-19', 'osso', 76, 0, 1, 100),
(1260, '2022-08-19', 'osso', 59, 0, 1, 125),
(1261, '2022-08-19', 'osso', 52, 0, 1, 213),
(1263, '2022-08-19', 'frango', 17, 0, 1, 89),
(1264, '2022-08-19', ' c.moida', 37, 0, 1, 99),
(1265, '2022-08-19', 'porco', 37, 0, 1, 3),
(1266, '2022-08-19', 'pescoço', 68, 0, 1, 62),
(1267, '2022-08-20', 'Restante', 147, 1, 1, 156),
(1268, '2022-07-20', 'porco, boi', 66, 0, 1, 167),
(1269, '2022-08-20', 'porco, calabresa', 47, 0, 1, 167),
(1270, '2022-08-20', 'frango', 46, 0, 1, 93),
(1271, '2022-08-20', 'costela', 75, 0, 1, 198),
(1272, '2022-08-20', 'frango', 32, 0, 1, 51),
(1273, '2022-08-20', 'frango', 44, 0, 1, 41),
(1274, '2022-08-22', 'porco, Panelada', 81, 0, 1, 100),
(1275, '2022-08-22', 'Panelada', 55, 0, 1, 202),
(1276, '2022-08-22', 'Panelada', 25, 0, 1, 95),
(1277, '2022-08-22', 'carne moida', 25, 0, 1, 175),
(1278, '2022-08-22', 'Boi, Coração', 94, 0, 1, 224),
(1279, '2022-08-22', 'Porco', 50, 0, 1, 52),
(1280, '2022-08-22', 'Porco,boi', 109, 0, 1, 51),
(1281, '2022-08-22', 'panelada e Carne Moida', 70, 0, 1, 217),
(1282, '2022-08-22', 'bife', 42, 0, 1, 167),
(1283, '2022-08-22', 'File', 100, 0, 1, 66),
(1284, '2022-08-22', 'bife,Frango,Porco e dinheiro', 172, 0, 1, 11),
(1285, '2022-08-22', 'Frango', 42, 0, 1, 74),
(1286, '2022-08-22', 'Ovo E Linguiça', 34, 0, 1, 90),
(1287, '2022-08-22', 'Bife', 52, 0, 1, 160),
(1288, '2022-08-23', 'boi', 72, 0, 1, 208),
(1289, '2022-08-23', 'compra', 146, 0, 1, 145),
(1290, '2022-08-23', 'porco', 29, 0, 1, 106),
(1291, '2022-08-23', 'porco', 39, 0, 1, 52),
(1292, '2022-08-23', 'boi', 15, 0, 1, 129),
(1293, '2022-08-23', 'porco, calabresa', 39, 0, 1, 95),
(1294, '2022-08-23', 'ovo, calabresa', 34, 0, 1, 84),
(1295, '2022-08-23', 'patinho', 110, 0, 1, 115),
(1296, '2022-08-23', 'bife', 100, 0, 1, 44),
(1297, '2022-08-23', 'queijo', 36, 0, 1, 29),
(1298, '2022-08-23', 'queijo', 35, 0, 1, 3),
(1299, '2022-08-23', 'porco', 33, 0, 1, 199),
(1300, '2022-08-24', 'restante', 22, 0, 1, 213),
(1301, '2022-08-24', 'Restante', 133, 1, 1, 52),
(1302, '2022-08-24', 'Restante', 2, 1, 1, 3),
(1303, '2022-08-24', 'Restante', 140, 1, 1, 99),
(1304, '2022-08-24', 'costela', 66, 0, 1, 107),
(1305, '2022-08-24', 'frango', 46, 0, 0, 225),
(1306, '2022-08-24', 'boi, frango', 94, 0, 1, 57),
(1307, '2022-08-24', 'figado, porco', 45, 0, 1, 86),
(1308, '2022-08-24', 'figado de gado', 17, 0, 1, 95),
(1309, '2022-08-24', 'bife', 55, 0, 1, 62),
(1310, '2022-08-24', 'compra', 46, 0, 1, 111),
(1311, '2022-08-25', 'costela, boi', 155, 0, 0, 105),
(1312, '2022-08-25', 'bife', 15, 0, 1, 222),
(1313, '2022-08-25', 'boi, porco', 67, 0, 1, 103),
(1314, '2022-08-25', 'boi', 39, 0, 1, 220),
(1315, '2022-08-25', 'porco, boi', 98, 0, 1, 69),
(1316, '2022-08-25', 'porco', 25, 0, 1, 100),
(1317, '2022-08-25', 'ovo, mortadela, c moida', 43, 0, 1, 90),
(1318, '2022-08-25', 'moida', 25, 0, 1, 84),
(1319, '2022-08-25', 'frango', 33, 0, 1, 79),
(1320, '2022-08-25', 'boi moido', 80, 0, 1, 85),
(1321, '2022-08-26', 'Restante', 30, 1, 1, 169),
(1322, '2022-08-26', 'Restante', 35, 1, 1, 155),
(1323, '2022-08-26', 'frango', 32, 0, 1, 51),
(1324, '2022-08-26', 'aluguel casa', 50, 0, 1, 170),
(1325, '2022-08-26', 'pesao', 10, 0, 1, 170),
(1326, '2022-08-26', 'compra', 119, 0, 1, 169),
(1327, '2022-08-26', 'frango', 40, 0, 1, 226),
(1328, '2022-08-26', 'linguiça', 25, 0, 1, 95),
(1329, '2022-08-26', 'frango, mortadela, mortadela, linguiça', 117, 0, 1, 171),
(1330, '2022-08-26', 'queijo, moida, porco', 104, 0, 1, 74),
(1331, '2022-08-26', 'figado', 20, 0, 1, 69),
(1332, '2022-08-26', 'porco, moida', 92, 0, 1, 62),
(1334, '2022-08-26', 'frango', 51, 0, 1, 120),
(1335, '2022-08-26', 'frango', 22, 0, 1, 218),
(1336, '2022-08-26', 'camara de ar', 46, 0, 1, 79),
(1337, '2022-08-26', 'boi', 45, 0, 1, 65),
(1338, '2022-08-26', 'queijo', 38, 0, 1, 3),
(1339, '2022-08-27', 'Restante', 64, 1, 1, 85),
(1340, '2022-08-27', 'porco. moida', 88, 0, 1, 164),
(1341, '2022-08-27', 'frango', 45, 0, 1, 43),
(1342, '2022-08-27', 'bisteca', 42, 0, 1, 3),
(1343, '2022-08-27', 'porco, boi, costela', 128, 0, 1, 157),
(1344, '2022-08-27', 'lauanny', 20, 0, 1, 100),
(1345, '2022-08-27', 'porco, costela', 110, 0, 1, 100),
(1346, '2022-08-27', 'bisteca', 40, 0, 1, 51),
(1347, '2022-08-27', 'bisteca', 36, 0, 1, 99),
(1348, '2022-08-27', 'bisteca, porco', 43, 0, 1, 216),
(1349, '2022-08-27', 'compra', 89, 0, 1, 42),
(1350, '2022-08-27', 'porco', 31, 0, 1, 112),
(1351, '2022-08-29', 'perfume', 100, 0, 1, 224),
(1352, '2022-08-29', 'bife, bisteca', 44, 0, 1, 84),
(1353, '2022-08-29', 'compra', 54, 0, 1, 116),
(1354, '2022-08-29', 'bife, figado de porco', 32, 0, 1, 103),
(1355, '2022-08-29', 'boi, costela', 109.5, 0, 1, 51),
(1356, '2022-08-29', 'porco, frango', 45, 0, 1, 125),
(1357, '2022-08-29', 'produtos cabelo', 41, 0, 1, 100),
(1358, '2022-08-29', 'frango', 20, 0, 1, 95),
(1359, '2022-08-29', 'porco, linguiça', 55, 0, 1, 111),
(1360, '2022-08-29', 'picadinho', 24, 0, 1, 218),
(1361, '2022-08-30', 'Restante', 12, 1, 1, 2),
(1362, '2022-08-30', 'Restante', 51, 1, 1, 176),
(1363, '2022-07-28', 'restante', 474, 0, 1, 100),
(1364, '2022-08-30', 'Restante', 493, 1, 1, 100),
(1365, '2022-08-30', 'Restante', 400, 1, 1, 100),
(1366, '2022-08-30', 'Restante', 60, 1, 1, 178),
(1367, '2022-08-30', 'porco, frango', 42, 0, 1, 223),
(1368, '2022-08-30', 'corredor', 24, 0, 1, 95),
(1369, '2022-08-30', 'compras', 139, 0, 1, 85),
(1370, '2022-08-30', 'porco, frango', 109, 0, 1, 176),
(1371, '2022-08-30', 'boi', 46, 0, 1, 199),
(1372, '2022-08-30', 'porco', 93, 0, 1, 40),
(1373, '2022-08-30', 'frango, porco', 42, 0, 1, 189),
(1374, '2022-08-30', 'frango, bife', 82, 0, 1, 99),
(1375, '2022-08-30', 'porco', 25, 0, 1, 161),
(1376, '2022-08-30', 'porco, costela', 75, 0, 1, 198),
(1377, '2022-08-30', 'bife', 35, 0, 1, 69),
(1378, '2022-08-30', 'frango', 35, 0, 1, 178),
(1379, '2022-08-31', 'Restante', 1458, 1, 1, 68),
(1380, '2022-08-31', 'restante compra', 6, 0, 0, 227),
(1381, '2022-08-31', 'frango', 27, 0, 1, 79),
(1382, '2022-08-31', 'porco', 65, 0, 1, 110);
INSERT INTO `compra` (`idCompra`, `dataCompra`, `descricaoCompra`, `totalCompra`, `tipoCompra`, `statusCompra`, `idCliente`) VALUES
(1383, '2022-08-31', 'compra', 38, 0, 1, 42),
(1384, '2022-08-31', 'costela', 30, 0, 1, 228),
(1385, '2022-08-31', 'file', 104, 0, 1, 66),
(1386, '2022-08-31', 'frango', 32, 0, 1, 51),
(1387, '2022-08-31', 'frango, bife', 68, 0, 1, 93),
(1388, '2022-08-31', 'frango, porco, queijo', 86, 0, 1, 192),
(1389, '2022-08-31', 'frango', 26, 0, 1, 116),
(1390, '2022-09-01', 'Restante', 20, 1, 1, 122),
(1391, '2022-09-01', 'porco', 102, 0, 1, 69),
(1392, '2022-09-01', 'queijo', 36, 0, 1, 3),
(1393, '2022-09-01', 'frango', 38, 0, 1, 42),
(1394, '2022-09-01', 'escova de cabelo de nycole', 22, 0, 1, 170),
(1395, '2022-09-01', 'Restante', 82, 1, 1, 131),
(1396, '2022-09-01', 'Restante', 55, 1, 1, 181),
(1397, '2022-09-01', 'frango, porco', 95, 0, 1, 122),
(1400, '2022-09-01', 'porco', 78, 0, 1, 110),
(1401, '2022-09-01', 'calabresa', 9, 0, 1, 95),
(1402, '2022-09-01', 'tripa', 14, 0, 1, 111),
(1403, '2022-08-09', 'moida', 25, 0, 1, 90),
(1404, '2022-09-02', 'porco', 48, 0, 1, 109),
(1405, '2022-09-03', 'Restante', 235, 1, 1, 194),
(1406, '2022-09-03', 'Restante', 119, 1, 1, 104),
(1407, '2022-09-03', 'Restante', 3, 1, 1, 216),
(1408, '2022-09-02', 'queijo', 36, 0, 1, 90),
(1409, '2022-09-02', 'porco', 106, 0, 1, 177),
(1410, '2022-09-02', 'queijo, nata', 70, 0, 1, 194),
(1411, '2022-09-02', 'porco', 63, 0, 1, 104),
(1412, '2022-09-02', 'costela', 20, 0, 1, 100),
(1413, '2022-09-03', 'Restante', 49, 1, 1, 169),
(1414, '2022-09-03', 'Restante', 86, 1, 1, 116),
(1415, '2022-09-03', 'Restante', 39, 1, 1, 85),
(1416, '2022-09-03', 'frango', 37, 0, 1, 85),
(1417, '2022-09-03', 'porco', 110, 0, 1, 40),
(1418, '2022-09-03', 'frango', 40, 0, 1, 199),
(1419, '2022-09-03', 'frango', 38, 0, 1, 100),
(1420, '2022-09-03', 'porco, moida', 103, 0, 1, 54),
(1421, '2022-09-03', 'moida', 33, 0, 1, 217),
(1422, '2022-09-03', 'frango', 30, 0, 1, 84),
(1423, '2022-09-03', 'compra', 80, 0, 1, 169),
(1424, '2022-09-03', 'energia, joelma cagece', 158, 0, 1, 170),
(1425, '2022-09-03', 'figado', 20, 0, 1, 184),
(1426, '2022-09-03', 'porco', 25, 0, 1, 51),
(1427, '2022-09-03', 'porco', 58, 0, 1, 62),
(1428, '2022-09-03', 'compra', 104, 0, 1, 81),
(1429, '2022-09-03', 'frango', 19, 0, 1, 116),
(1430, '2022-09-03', 'frango', 66, 0, 1, 176),
(1431, '2022-09-03', 'moida', 30, 0, 1, 95),
(1432, '2022-09-03', 'porco, mao de vaca', 95, 0, 0, 105),
(1433, '2022-09-05', 'Restante', 56, 1, 1, 94),
(1434, '2022-09-05', 'Restante', 31, 1, 1, 39),
(1435, '2022-09-05', 'Restante', 153, 1, 1, 89),
(1436, '2022-09-05', 'Restante', 52, 1, 1, 90),
(1437, '2022-09-05', 'frango mao de vaca file', 202, 0, 1, 221),
(1438, '2022-09-05', 'panelada', 13, 0, 1, 99),
(1439, '2022-09-05', 'boi, costela', 108, 0, 1, 51),
(1440, '2022-09-05', 'frango', 35, 0, 1, 109),
(1441, '2022-09-05', 'compra', 57, 0, 1, 161),
(1442, '2022-09-05', 'Ovo E Linguiça', 26, 0, 1, 90),
(1443, '2022-09-05', 'frango', 34, 0, 0, 74),
(1444, '2022-09-05', 'Restante', 409, 1, 1, 66),
(1445, '2022-09-05', 'compra', 110, 0, 1, 42),
(1446, '2022-09-05', 'casa castro carne', 138, 0, 1, 170),
(1447, '2022-09-05', 'mob', 50, 0, 1, 100),
(1448, '2022-09-06', 'restante', 15, 1, 1, 129),
(1449, '2022-09-06', 'compra', 6, 0, 1, 224),
(1450, '2022-09-03', 'porco', 58, 0, 0, 183),
(1451, '2022-09-06', 'Restante', 297, 1, 1, 81),
(1452, '2022-09-06', 'Restante', 43, 1, 1, 41),
(1453, '2022-09-06', 'rabada', 25, 0, 1, 164),
(1455, '2022-09-06', 'costela', 42, 0, 1, 96),
(1456, '2022-09-06', 'queijo', 38, 0, 0, 74),
(1457, '2022-09-06', 'bisteca, costela', 85, 0, 1, 100),
(1458, '2022-09-06', 'frango, queijo, moida', 112, 0, 1, 104),
(1459, '2022-09-06', 'bisteca, picadinho', 60, 0, 1, 116),
(1460, '2022-09-06', 'banha, frango, boi', 151, 0, 1, 57),
(1461, '2022-09-06', 'frango, porco', 107, 0, 1, 120),
(1462, '2022-09-06', 'toicinho, porco', 35, 0, 1, 90),
(1463, '2022-09-06', 'bife', 180, 0, 1, 221),
(1464, '2022-09-06', 'restante', 5, 0, 1, 85),
(1465, '2022-09-03', 'porco', 25, 0, 1, 51),
(1466, '2022-09-06', 'carneiro', 28, 0, 1, 51),
(1467, '2022-09-05', 'boi costela', 108, 0, 1, 51),
(1468, '2022-09-06', 'compra', 101, 0, 1, 154),
(1472, '2022-09-06', 'porco', 56, 0, 1, 174),
(1475, '2022-09-07', 'Restante', 182, 1, 1, 221),
(1476, '2022-09-07', 'frango', 11, 0, 1, 174),
(1477, '2022-09-07', 'compra', 58, 0, 1, 175),
(1478, '2022-09-07', 'bife', 70, 0, 1, 221),
(1479, '2022-09-07', 'moida', 16, 0, 1, 79),
(1480, '2022-09-08', 'Restante', 46, 1, 1, 189),
(1481, '2022-09-08', 'calabresa, pé de porco, bisteta', 43, 0, 1, 84),
(1482, '2022-09-08', 'boi', 88, 0, 1, 115),
(1483, '2022-09-08', 'Restante', 19, 0, 1, 115),
(1484, '2022-09-08', 'boi', 88, 0, 1, 115),
(1485, '2022-09-08', 'picadinho, moída', 72, 0, 1, 63),
(1486, '2022-09-08', 'frango, figado', 56, 0, 1, 79),
(1487, '2022-09-08', 'Restante', 22, 1, 0, 131),
(1488, '2022-09-08', 'dinheiro', 5, 0, 0, 131),
(1489, '2022-09-08', 'carneiro', 60, 0, 1, 106),
(1490, '2022-09-08', 'frango', 38, 0, 1, 176),
(1491, '2022-09-08', 'moida', 35, 0, 1, 189),
(1492, '2022-09-08', 'carneiro', 40, 0, 1, 104),
(1493, '2022-09-08', 'criação, porco', 85, 0, 1, 100),
(1494, '2022-09-08', 'compra', 27, 0, 1, 111),
(1495, '2022-09-08', 'porco', 26, 0, 1, 178),
(1496, '2022-09-08', 'porco', 35, 0, 1, 122),
(1497, '2022-09-09', 'compra', 348, 0, 1, 115),
(1498, '2022-09-09', 'porco', 26, 0, 1, 129),
(1499, '2022-09-09', 'bife', 140, 0, 1, 38),
(1500, '2022-09-09', 'bisnaguinha, cimento', 14, 0, 1, 170),
(1501, '2022-09-09', 'compra', 93, 0, 1, 143),
(1502, '2022-09-09', 'porco', 76, 0, 1, 40),
(1503, '2022-09-09', 'moida', 40, 0, 1, 85),
(1504, '2022-09-09', 'boi', 76, 0, 1, 172),
(1505, '2022-09-09', 'frango, boi', 58, 0, 1, 127),
(1506, '2022-09-09', 'File', 160, 0, 1, 66),
(1507, '2022-09-09', 'boi, porco', 110, 0, 1, 51),
(1508, '2022-09-09', 'mortadela, ovo', 27, 0, 1, 90),
(1509, '2022-09-09', 'compra', 58, 0, 1, 199),
(1510, '2022-09-09', 'compras', 243, 0, 1, 44),
(1511, '2022-09-09', 'Restante', 20, 1, 1, 82),
(1513, '2022-09-09', 'mortadela', 14, 0, 1, 112),
(1514, '2022-08-22', 'frango', 22, 0, 1, 218),
(1515, '2022-08-29', 'picadinho', 24, 0, 1, 218),
(1516, '2022-09-10', 'Restante', 28, 1, 0, 223),
(1517, '2022-09-10', 'porco, dinheiro', 127, 0, 1, 11),
(1518, '2022-09-10', 'Restante', 228, 1, 1, 213),
(1519, '2022-09-10', 'compra', 10, 0, 1, 85),
(1520, '2022-09-10', 'boi moido', 45, 0, 1, 57),
(1521, '2022-09-10', 'porco, mortadela, frango', 97, 0, 1, 175),
(1522, '2022-09-10', 'porco', 67, 0, 1, 142),
(1523, '2022-09-10', 'porco', 95, 0, 1, 52),
(1524, '2022-09-10', 'porco', 40, 0, 1, 103),
(1525, '2022-09-10', 'porco', 76, 0, 1, 125),
(1526, '2022-09-10', 'porco de marlie', 152, 0, 1, 100),
(1527, '2022-09-10', 'figado', 48, 0, 1, 104),
(1528, '2022-09-10', 'Restante', 72, 1, 1, 173),
(1529, '2022-09-10', 'porco', 47, 0, 1, 173),
(1531, '2022-09-12', 'frango', 35, 0, 1, 89),
(1532, '2022-09-12', 'compra', 40, 0, 1, 107),
(1533, '2022-09-12', 'porco', 78, 0, 1, 38),
(1534, '2022-09-12', 'porco', 80, 0, 1, 69),
(1535, '2022-09-12', 'frango', 35, 0, 1, 226),
(1536, '2022-09-12', 'costela', 55, 0, 1, 231),
(1537, '2022-09-12', 'frango', 28, 0, 1, 90),
(1538, '2022-09-12', 'compras', 53, 0, 1, 111),
(1539, '2022-09-12', 'costela, boi', 70, 0, 0, 191),
(1540, '2022-09-13', 'Restante', 152, 1, 1, 107),
(1543, '2022-09-13', 'Restante', 102, 1, 1, 163),
(1544, '2022-09-13', 'Restante', 67, 1, 1, 163),
(1545, '2022-09-13', 'mob mintura', 75, 0, 1, 170),
(1546, '2022-09-13', 'porco', 57, 0, 1, 160),
(1547, '2022-09-13', 'porco', 44, 0, 1, 99),
(1548, '2022-09-13', 'frango', 30, 0, 1, 109),
(1549, '2022-09-13', 'filé de peixe, boi', 32, 0, 1, 84),
(1550, '2022-09-13', 'porco', 110, 0, 1, 107),
(1551, '2022-09-13', 'frango', 20, 0, 1, 95),
(1552, '2022-09-13', 'carneiro', 95, 0, 1, 44),
(1553, '2022-09-13', 'carneiro', 70, 0, 1, 106),
(1554, '2022-09-13', 'porco', 33, 0, 1, 103),
(1555, '2022-09-13', 'compras', 84, 0, 1, 175),
(1556, '2022-09-13', 'salsicha', 10, 0, 1, 90),
(1557, '2022-09-13', 'carneiro', 20, 0, 1, 81),
(1558, '2022-09-12', 'porco', 64, 0, 1, 174),
(1559, '2022-09-14', 'Restante', 70, 1, 1, 221),
(1560, '2022-09-14', 'cabeça do lombo, coxao mole', 223, 0, 1, 221),
(1562, '2022-09-14', 'coração, chambari', 29, 0, 1, 82),
(1563, '2022-09-14', 'frango, salsicha', 28, 0, 1, 89),
(1564, '2022-09-14', 'panelada', 100, 0, 1, 107),
(1565, '2022-09-14', 'figado', 57, 0, 1, 44),
(1566, '2022-09-14', 'frango, picadinho', 51, 0, 1, 116),
(1567, '2022-09-14', 'frango, figado', 70, 0, 1, 41),
(1568, '2022-09-14', 'bife, moida', 250, 0, 1, 85),
(1569, '2022-09-14', 'frango, boi', 68, 0, 1, 51),
(1570, '2022-09-14', 'compras', 155, 0, 1, 148),
(1571, '2022-09-14', 'costela', 60, 0, 1, 112),
(1572, '2022-09-14', 'compra', 35, 0, 1, 63),
(1573, '2022-09-14', 'figado', 15, 0, 1, 143),
(1574, '2022-09-14', 'calabresa', 17, 0, 1, 84),
(1575, '2022-09-14', 'figado, calabresa, moida', 61, 0, 0, 74),
(1576, '2022-09-14', 'filé', 234, 0, 1, 66),
(1577, '2022-09-14', 'filé de peixe', 16, 0, 1, 218),
(1578, '2022-09-14', 'boi, porco, mortadela', 80, 0, 1, 104),
(1579, '2022-09-15', 'Restante', 150, 1, 1, 85),
(1580, '2022-09-15', 'moida', 25, 0, 1, 218),
(1581, '2022-09-15', 'figado', 28, 0, 1, 178),
(1582, '2022-09-15', 'porco', 80, 0, 1, 142),
(1583, '2022-09-15', 'patinho feito bife ', 39, 0, 1, 103),
(1584, '2022-09-15', 'carne moida ', 30, 0, 1, 95),
(1585, '2022-09-15', 'costela', 90, 0, 1, 110),
(1586, '2022-09-15', 'frango', 17, 0, 1, 79),
(1587, '2022-09-15', 'compra', 120, 0, 1, 99),
(1588, '2022-09-15', 'figado', 45, 0, 1, 122),
(1589, '2022-09-16', 'costela', 43, 0, 1, 143),
(1590, '2022-09-16', 'panelada frango', 79, 0, 1, 100),
(1591, '2022-09-16', 'costela, boi', 60, 0, 1, 177),
(1592, '2022-09-16', 'dinheiro', 50, 0, 1, 177),
(1593, '2022-09-16', 'panelada, porco', 68, 0, 1, 51),
(1594, '2022-09-16', 'frango', 50, 0, 1, 93),
(1595, '2022-09-16', 'panelada', 20, 0, 1, 202),
(1596, '2022-09-16', 'mao de vaca', 27, 0, 1, 89),
(1597, '2022-09-16', 'bife, figado', 73, 0, 1, 36),
(1598, '2022-09-16', 'Restante', 78, 1, 1, 3),
(1599, '2022-09-17', 'Restante', 24, 1, 0, 118),
(1600, '2022-09-17', 'Restante', 208, 0, 1, 213),
(1601, '2022-09-17', 'frango', 33, 0, 1, 216),
(1602, '2022-09-17', 'tocinho franga', 62, 0, 1, 231),
(1603, '2022-09-17', 'porco', 41, 0, 1, 197),
(1604, '2022-09-17', 'porco', 67, 0, 1, 3),
(1605, '2022-09-17', 'frango', 40, 0, 1, 125),
(1606, '2022-09-17', 'moida', 26, 0, 1, 106),
(1607, '2022-09-17', 'frango', 45, 0, 1, 63),
(1608, '2022-09-17', 'palenada', 26, 0, 1, 84),
(1610, '2022-09-17', 'frango, ovo', 54, 0, 1, 104),
(1611, '2022-09-17', 'frango', 88, 0, 1, 176),
(1612, '2022-09-17', 'costela', 34, 0, 1, 90),
(1613, '2022-09-17', 'frango, porco', 62, 0, 1, 231),
(1614, '2022-09-17', 'porco', 50, 0, 1, 81),
(1615, '2022-09-17', 'porco', 18, 0, 1, 232),
(1616, '2022-09-19', 'costela, boi', 67, 0, 1, 63),
(1617, '2022-09-19', 'frango', 22, 0, 1, 143),
(1618, '2022-09-19', 'frango, moida', 68, 0, 1, 100),
(1619, '2022-09-19', 'frango, moida', 88, 0, 1, 81),
(1620, '2022-09-19', 'boi', 72, 0, 1, 51),
(1621, '2022-09-19', 'moida', 18, 0, 1, 84),
(1622, '2022-09-19', 'frango', 39, 0, 1, 231),
(1623, '2022-09-20', 'Restante', 96, 1, 1, 88),
(1624, '2022-09-20', 'costela', 100, 0, 1, 81),
(1625, '2022-09-20', 'tripa', 20, 0, 1, 100),
(1626, '2022-09-20', 'feijoada calabresa pé d porco orelha torsim', 102, 0, 1, 141),
(1627, '2022-09-20', 'calabresa', 12, 0, 1, 84),
(1628, '2022-09-20', 'porco', 62, 0, 1, 63),
(1629, '2022-09-20', 'boi', 43, 0, 1, 176),
(1630, '2022-09-20', 'filé de peixe, frango', 66, 0, 1, 36),
(1631, '2022-09-20', 'frango', 19, 0, 1, 116),
(1632, '2022-09-20', 'calabresa', 16, 0, 1, 44),
(1633, '2022-09-20', 'compra', 154, 0, 0, 179),
(1634, '2022-09-20', 'natura', 250, 0, 1, 224),
(1635, '2022-09-20', 'moida', 44, 0, 1, 189),
(1636, '2022-09-20', 'porco', 79, 0, 1, 99),
(1637, '2022-09-21', 'Restante', 176, 0, 1, 213),
(1638, '2022-09-21', 'Restante', 50, 1, 1, 85),
(1639, '2022-09-21', 'Restante', 105, 1, 0, 194),
(1641, '2022-09-21', 'salsicha, linguiça', 30, 0, 1, 95),
(1642, '2022-09-21', 'ovo, frango', 57, 0, 1, 117),
(1643, '2022-09-21', 'frango', 34, 0, 1, 51),
(1644, '2022-09-21', 'compra', 59, 0, 1, 111),
(1645, '2022-09-21', 'compra', 98, 0, 1, 104),
(1646, '2022-09-21', 'restante compra', 4, 0, 1, 125),
(1647, '2022-09-21', 'boi, porco', 84, 0, 1, 219),
(1648, '2022-09-21', 'frango', 40, 0, 1, 39),
(1649, '2022-09-21', 'pescoço, compra', 98, 0, 1, 54),
(1650, '2022-09-21', 'frango', 28, 0, 1, 81),
(1651, '2022-09-21', 'compra', 140, 0, 0, 194),
(1652, '2022-09-22', 'frango, linguiça', 31, 0, 1, 233),
(1653, '2022-09-18', 'carne churrasco', 20, 0, 1, 170),
(1654, '2022-09-22', 'picadinho', 25, 0, 1, 218),
(1655, '2022-09-22', 'porco', 45, 0, 1, 106),
(1656, '2022-09-22', 'frango', 18, 0, 1, 95),
(1657, '2022-09-22', 'frango', 36, 0, 1, 122),
(1658, '2022-09-22', 'frango', 35, 0, 1, 99),
(1659, '2022-09-22', 'frango', 50, 0, 1, 79),
(1660, '2022-09-22', 'c sol linguiça', 173, 0, 1, 141),
(1661, '2022-09-22', 'linguiça', 11, 0, 1, 79),
(1662, '2022-09-22', 'Restante', 34, 1, 0, 212),
(1663, '2022-09-22', 'queijo', 38, 0, 0, 163),
(1664, '2022-09-23', 'Restante', 181, 0, 1, 84),
(1665, '2022-09-23', 'salsicha, ovo', 26, 0, 1, 84),
(1666, '2022-09-23', 'Restante', 103, 1, 1, 221),
(1667, '2022-09-23', 'Restante', 738, 1, 1, 125),
(1668, '2022-09-22', 'linguiça, boi', 86, 0, 1, 199),
(1669, '2022-09-22', 'salsicha, empanado', 42, 0, 0, 163),
(1670, '2022-09-23', 'porco', 62, 0, 1, 205),
(1671, '2022-09-23', 'moida', 43, 0, 1, 181),
(1672, '2022-09-23', 'bife, frango', 143, 0, 1, 221),
(1673, '2022-09-23', 'porco', 44, 0, 1, 233),
(1674, '2022-09-23', 'porco', 20, 0, 1, 95),
(1675, '2022-09-23', 'carne moida, bife', 114, 0, 1, 85),
(1676, '2022-09-23', 'Restante', 63, 1, 1, 231),
(1677, '2022-09-23', 'frango', 37, 0, 1, 231),
(1678, '2022-09-24', 'Restante', 71, 0, 1, 202),
(1679, '2022-09-24', 'Restante', 67, 0, 1, 100),
(1680, '2022-09-24', 'compra', 20, 0, 1, 81),
(1681, '2022-09-24', 'porco, calabresa', 50, 0, 1, 167),
(1682, '2022-09-24', 'porco', 55, 0, 1, 103),
(1683, '2022-09-24', 'frango, ovo', 36, 0, 1, 90),
(1684, '2022-09-24', 'frango', 27, 0, 1, 107),
(1685, '2022-09-24', 'porco, calabresa', 59, 0, 1, 11),
(1686, '2022-09-24', 'frango', 40, 0, 1, 81),
(1687, '2022-09-24', 'frango, queijo', 78, 0, 1, 46),
(1688, '2022-09-24', 'carne de sol, restante pix', 96, 0, 1, 79),
(1689, '2022-09-26', 'Restante', 97, 1, 0, 156),
(1690, '2022-09-26', 'restante dinheiro nicole', 10, 0, 1, 170),
(1691, '2022-09-26', 'Restante', 34, 1, 0, 211),
(1692, '2022-09-26', 'filé', 244, 0, 1, 66),
(1693, '2022-09-26', 'Restante', 335, 1, 1, 170),
(1694, '2022-09-26', 'Restante', 131, 1, 1, 170),
(1695, '2022-09-26', 'carne de sol', 90, 0, 0, 156),
(1696, '2022-09-26', 'costela', 59, 0, 1, 106),
(1697, '2022-09-26', 'frango, costela, picadinho', 81, 0, 1, 116),
(1698, '2022-09-26', 'porco', 50, 0, 1, 99),
(1699, '2022-09-26', 'costela', 72, 0, 1, 107),
(1700, '2022-09-26', 'frango', 58, 0, 1, 100),
(1701, '2022-09-26', 'compra', 68, 0, 1, 161),
(1702, '2022-09-26', 'boi, costela', 110, 0, 1, 51),
(1703, '2022-09-26', 'frango', 18, 0, 1, 41),
(1704, '2022-09-26', 'picadinho', 30, 0, 1, 160),
(1705, '2022-09-26', 'frango, ovo', 35, 0, 0, 74),
(1706, '2022-09-26', 'calabresa', 40, 0, 1, 104),
(1707, '2022-09-26', 'mortadela, linguiça', 38, 0, 1, 90),
(1708, '2022-09-27', 'bife', 30, 0, 1, 95),
(1709, '2022-09-19', 'picadinho', 35, 0, 1, 95),
(1710, '2022-09-27', 'Restante', 400, 0, 1, 99),
(1711, '2022-09-27', 'carne moida', 55, 0, 1, 85),
(1712, '2022-09-27', 'boi', 80, 0, 1, 94),
(1713, '2022-09-27', 'compra', 58, 0, 1, 157),
(1714, '2022-09-27', 'frango', 43, 0, 1, 226),
(1715, '2022-09-27', 'queijo', 36, 0, 1, 234),
(1716, '2022-09-27', 'ovo', 16, 0, 1, 129),
(1717, '2022-09-27', 'carneiro, picadinho', 95, 0, 1, 69),
(1718, '2022-09-27', 'carneiro', 42, 0, 1, 51),
(1719, '2022-09-27', 'carneiro', 82, 0, 1, 157),
(1720, '2022-09-27', 'carneiro', 70, 0, 1, 142),
(1721, '2022-09-28', 'Restante', 42, 1, 1, 215),
(1722, '2022-09-27', 'frango', 40, 0, 1, 93),
(1723, '2022-09-28', 'porco', 85, 0, 1, 224),
(1724, '2022-09-28', 'porco, frango', 100, 0, 1, 113),
(1725, '2022-09-28', 'boi, porco', 128, 0, 1, 40),
(1727, '2022-09-28', 'porco', 150, 0, 1, 193),
(1728, '2022-09-28', 'frango, filé de peixe', 60, 0, 1, 93),
(1729, '2022-09-28', 'boi, frango', 81, 0, 1, 187),
(1731, '2022-09-28', 'Restante', 340, 1, 1, 62),
(1732, '2022-09-29', 'Restante', 146, 1, 1, 81),
(1733, '2022-09-29', 'bife', 40, 0, 0, 236),
(1734, '2022-09-29', 'bife', 120, 0, 1, 221),
(1735, '2022-09-29', 'contra filé', 38, 0, 1, 103),
(1736, '2022-09-29', 'frango', 46, 0, 1, 129),
(1737, '2022-09-29', 'costela, toicinho', 93, 0, 1, 216),
(1738, '2022-09-29', 'porco, frango', 92, 0, 1, 100),
(1739, '2022-09-29', 'frango, porco', 100, 0, 1, 81),
(1740, '2022-09-29', 'carne moida', 42, 0, 1, 85),
(1741, '2022-09-29', 'rabada', 30, 0, 1, 112),
(1742, '2022-09-30', 'Restante', 211, 1, 1, 85),
(1743, '2022-09-30', 'boi', 80, 0, 1, 164),
(1744, '2022-09-30', 'porco', 22, 0, 1, 95),
(1745, '2022-09-30', 'frango', 32, 0, 1, 51),
(1746, '2022-09-30', 'compra', 89, 0, 1, 111),
(1747, '2022-09-30', 'frango, calabresa', 63, 0, 1, 89),
(1748, '2022-09-30', 'calabresa, moida', 69, 0, 1, 79),
(1749, '2022-09-30', 'Restante', 111, 1, 1, 85),
(1750, '2022-09-30', 'bisteca', 63, 0, 1, 36),
(1751, '2022-10-01', 'Restante', 1158, 1, 1, 68),
(1752, '2022-10-01', 'Restante', 195, 1, 0, 176),
(1753, '2022-10-01', 'Restante', 31, 1, 0, 122),
(1755, '2022-10-01', 'Restante', 12, 1, 1, 205),
(1756, '2022-10-01', 'miudo', 27, 0, 1, 107),
(1757, '2022-10-01', 'frango, compra', 104, 0, 0, 176),
(1758, '2022-10-01', 'carneiro, osssada', 160, 0, 1, 100),
(1759, '2022-10-01', 'queijo', 35, 0, 1, 233),
(1760, '2022-10-01', 'carneiro', 46, 0, 1, 205),
(1761, '2022-10-01', 'ossada', 90, 0, 1, 81),
(1762, '2022-10-01', 'ossada', 80, 0, 1, 125),
(1763, '2022-10-01', 'porco', 31, 0, 1, 157),
(1764, '2022-10-01', 'porco, boi', 112, 0, 0, 173),
(1765, '2022-10-01', 'carneiro, frango, bisteca', 120, 0, 0, 43),
(1766, '2022-10-03', 'Restante', 37, 1, 1, 129),
(1768, '2022-10-03', 'rifa', 50, 0, 1, 165),
(1769, '2022-10-03', 'Restante', 263, 1, 1, 221),
(1770, '2022-10-03', 'Restante', 100, 1, 1, 221),
(1771, '2022-10-03', 'Restante', 215, 1, 1, 79),
(1772, '2022-10-03', 'filé de peixe, frango', 50, 0, 0, 43),
(1773, '2022-10-03', 'panelada, bife', 142, 0, 1, 169),
(1774, '2022-10-03', 'panelada', 60, 0, 1, 100),
(1775, '2022-10-03', 'bife, moida', 72, 0, 1, 51),
(1776, '2022-10-03', 'frango', 23, 0, 1, 95),
(1777, '2022-10-03', 'filé', 327, 0, 1, 66),
(1778, '2022-10-03', 'frango', 20, 0, 1, 235),
(1779, '2022-10-03', 'frango', 50, 0, 1, 221),
(1780, '2022-10-03', 'panelada, figado', 144, 0, 1, 44),
(1781, '2022-10-03', 'tripa de porco, panelada', 50, 0, 1, 237),
(1782, '2022-10-03', 'Restante', 85, 1, 1, 148),
(1784, '2022-10-03', 'compra', 85, 0, 0, 154),
(1785, '2022-10-04', 'Restante', 3, 1, 1, 217),
(1786, '2022-10-04', 'Restante', 66, 1, 1, 116),
(1788, '2022-10-04', 'dinheiro', 40, 0, 1, 224),
(1789, '2022-10-04', 'compra', 31, 0, 1, 111),
(1790, '2022-10-04', 'compra', 107, 0, 1, 146),
(1791, '2022-10-04', 'figado', 20, 0, 1, 237),
(1792, '2022-10-04', 'calabresa', 17, 0, 1, 57),
(1793, '2022-10-03', 'tripa', 22, 0, 1, 79),
(1794, '2022-10-04', 'c. sol', 32, 0, 1, 79),
(1795, '2022-10-04', 'frango, porco', 65, 0, 1, 109),
(1796, '2022-10-04', 'frango', 34, 0, 1, 125),
(1797, '2022-10-04', 'compra', 122, 0, 1, 11),
(1798, '2022-10-04', 'frango', 36, 0, 1, 52),
(1799, '2022-10-04', 'costela', 62, 0, 1, 231),
(1800, '2022-10-04', 'figado', 25, 0, 0, 178),
(1801, '2022-10-04', 'costela, boi', 75, 0, 0, 123),
(1802, '2022-10-04', 'Restante', 31, 1, 1, 157),
(1804, '2022-10-04', 'Restante', 54, 1, 1, 104),
(1805, '2022-10-05', 'Restante', 155, 1, 1, 80),
(1806, '2022-10-05', 'Restante', 57, 1, 1, 146),
(1807, '2022-10-04', 'carne de isadora', 60, 0, 1, 100),
(1808, '2022-10-05', 'bife', 64, 0, 1, 100),
(1809, '2022-10-05', 'Restante', 36, 1, 1, 90),
(1810, '2022-10-23', 'file de peixe, porco', 70, 0, 1, 51),
(1811, '2022-10-03', 'panelada, figado', 144, 0, 1, 44),
(1812, '2022-10-04', 'compra', 122, 0, 1, 11),
(1813, '2022-10-05', 'costela', 55, 0, 0, 91),
(1814, '2022-10-05', 'costela de porco', 34, 0, 1, 174),
(1815, '2022-10-04', 'compra', 65, 0, 1, 109),
(1816, '2022-10-05', 'frango', 36, 0, 1, 238),
(1817, '2022-10-05', 'porco, boi, queijo', 101, 0, 1, 57),
(1818, '2022-10-05', 'frango,  toicinho', 73, 0, 1, 79),
(1819, '2022-10-05', 'frango', 32, 0, 1, 51),
(1820, '2022-10-05', 'bisteca', 30, 0, 1, 99),
(1821, '2022-10-05', 'costela', 30, 0, 1, 116),
(1822, '2022-10-05', 'bife', 43, 0, 1, 90),
(1823, '2022-10-05', 'figado de porco', 27, 0, 1, 235),
(1824, '2022-10-05', 'picadinho', 30, 0, 1, 218),
(1825, '2022-10-05', 'galinha', 30, 0, 1, 100),
(1826, '2022-10-05', 'Restante', 267, 1, 1, 110),
(1827, '2022-10-05', 'Restante', 31, 1, 1, 52),
(1828, '2022-10-05', 'Restante', 31, 1, 1, 52),
(1829, '2022-10-05', 'Restante', 31, 1, 1, 52),
(1830, '2022-10-06', 'queijo', 18, 0, 1, 95),
(1831, '2022-10-06', 'Restante', 100, 1, 0, 186),
(1832, '2022-10-06', 'frango', 46, 0, 1, 160),
(1833, '2022-10-06', 'Restante', 96, 0, 1, 120),
(1834, '2022-10-06', 'Restante', 7, 1, 1, 146),
(1835, '2022-09-30', 'frango', 32, 0, 1, 51),
(1836, '2022-10-03', 'boi, bife', 72, 0, 1, 51),
(1838, '2022-10-06', 'buchada', 57, 0, 1, 231),
(1840, '2022-10-06', 'porco, boi', 81, 0, 0, 43),
(1841, '2022-10-06', 'buchada', 51, 0, 1, 216),
(1842, '2022-10-06', 'frango', 25, 0, 1, 237),
(1843, '2022-10-06', 'frango', 46, 0, 1, 129),
(1844, '2022-10-06', 'carne de sol, toicinho', 92, 0, 1, 165),
(1845, '2022-10-06', 'frango, porco', 85, 0, 1, 120),
(1846, '2022-10-06', 'bife, moida, costela', 200, 0, 1, 146),
(1847, '2022-10-06', 'porco', 24, 0, 1, 218),
(1848, '2022-10-06', 'porco', 32, 0, 1, 87),
(1849, '2022-10-06', 'carne moida, bife', 187, 0, 1, 221),
(1850, '2022-10-06', 'porco', 34, 0, 1, 235),
(1851, '2022-10-07', 'Restante', 157, 1, 1, 146),
(1852, '2022-10-07', 'Restante', 200, 1, 1, 81),
(1853, '2022-10-07', 'Restante', 25, 1, 1, 189),
(1854, '2022-10-07', 'frango, porco', 72, 0, 0, 154),
(1855, '2022-10-07', 'frango', 37, 0, 1, 226),
(1856, '2022-10-07', 'compra', 46, 0, 1, 189),
(1857, '2022-10-07', 'moida', 30, 0, 1, 100),
(1858, '2022-10-07', 'moida', 30, 0, 1, 81),
(1859, '2022-10-07', 'moida', 30, 0, 1, 125),
(1860, '2022-10-07', 'porco', 38, 0, 1, 51),
(1861, '2022-10-07', 'compra', 80, 0, 1, 99),
(1862, '2022-10-07', 'porco', 60, 0, 1, 85),
(1863, '2022-10-07', 'queiro', 33, 0, 1, 234),
(1864, '2022-10-07', 'mao de vaca', 40, 0, 1, 124),
(1865, '2022-10-07', 'Restante', 71, 1, 1, 85),
(1866, '2022-10-08', 'porco', 51, 0, 1, 103),
(1867, '2022-10-08', 'toicinho', 38, 0, 0, 91),
(1868, '2022-10-08', 'porco', 163, 0, 1, 40),
(1869, '2022-10-08', 'frango', 24, 0, 1, 51),
(1870, '2022-10-08', 'porco', 70, 0, 1, 174),
(1871, '2022-10-08', 'porco, frango', 65, 0, 1, 89),
(1872, '2022-10-10', 'boi', 210, 0, 1, 115),
(1873, '2022-10-10', 'frango', 43, 0, 0, 122),
(1874, '2022-10-10', 'boi, costela, toicin', 120, 0, 1, 51),
(1875, '2022-10-10', 'boi', 41, 0, 1, 40),
(1876, '2022-10-10', 'carne de sol', 25, 0, 1, 106),
(1877, '2022-10-10', 'bife', 10, 0, 1, 84),
(1878, '2022-10-10', 'frango', 30, 0, 1, 90),
(1879, '2022-10-10', 'compra', 116, 0, 1, 11),
(1880, '2022-10-10', 'boi', 46, 0, 1, 206),
(1881, '2022-10-10', 'bife', 25, 0, 1, 218),
(1882, '2022-10-10', 'compra', 183, 0, 1, 44),
(1883, '2022-10-11', 'Restante', 81, 1, 1, 175),
(1884, '2022-10-11', 'boi', 39, 0, 1, 112),
(1885, '2022-10-11', 'costela, bife', 75, 0, 0, 212),
(1886, '2022-10-11', 'frango, mortadela, linguiça', 55, 0, 1, 171),
(1887, '2022-10-11', 'frango', 48, 0, 1, 46),
(1888, '2022-10-11', 'Restante', 125, 1, 1, 224),
(1889, '2022-10-12', 'Restante', 90, 1, 1, 62),
(1890, '2022-10-12', 'costela, moida', 76, 0, 1, 99),
(1891, '2022-10-12', 'bife', 25, 0, 1, 85),
(1892, '2022-10-13', 'Restante', 22, 1, 1, 169),
(1893, '2022-09-03', 'restante', 95, 0, 1, 38),
(1894, '2022-10-13', 'c. sol', 50, 0, 1, 169),
(1895, '2022-10-13', 'frango, porco', 85, 0, 1, 224),
(1896, '2022-10-13', 'moida', 60, 0, 0, 91),
(1897, '2022-10-13', 'frango', 18, 0, 1, 81),
(1898, '2022-10-13', 'compra', 25, 0, 1, 125),
(1899, '2022-10-13', 'costela', 40, 0, 1, 106),
(1900, '2022-10-13', 'costela', 25, 0, 0, 143),
(1901, '2022-10-13', 'frango, compra', 76, 0, 1, 100),
(1902, '2022-10-13', 'frango', 32, 0, 1, 51),
(1903, '2022-10-13', 'frango, costela', 82, 0, 0, 178),
(1904, '2022-10-13', 'costela', 60, 0, 1, 54),
(1905, '2022-10-13', 'frango, costela', 95, 0, 1, 104),
(1906, '2022-10-13', 'boi', 16, 0, 1, 146),
(1907, '2022-10-13', 'carne moida,  c sol', 50, 0, 1, 127),
(1908, '2022-10-13', 'linguiça', 39, 0, 1, 235),
(1909, '2022-10-14', 'Restante', 327, 1, 0, 66),
(1910, '2022-10-14', 'frango', 44, 0, 1, 79),
(1911, '2022-10-14', 'frango, porco', 108, 0, 1, 81),
(1912, '2022-10-14', 'porco', 50, 0, 1, 100),
(1913, '2022-10-14', 'tripa de porco', 25, 0, 1, 87),
(1914, '2022-10-14', 'tripa de porco', 15, 0, 1, 237),
(1915, '2022-10-14', 'frango', 12, 0, 1, 99),
(1916, '2022-10-14', 'frango', 30, 0, 1, 93),
(1917, '2022-10-14', 'compra', 44, 0, 1, 125),
(1918, '2022-10-14', 'porco', 52, 0, 1, 62),
(1919, '2022-10-14', 'c. moida', 30, 0, 1, 95),
(1920, '2022-10-14', 'porco', 28, 0, 1, 239),
(1921, '2022-10-14', 'porco', 39, 0, 1, 127),
(1922, '2022-10-14', 'porco, boi', 110, 0, 1, 69),
(1923, '2022-10-15', 'porco, frango', 90, 0, 1, 85),
(1924, '2022-10-15', 'Restante', 66, 1, 1, 85),
(1925, '2022-10-15', 'carneiro', 85, 0, 1, 44),
(1926, '2022-10-15', 'carneiro', 43, 0, 1, 51),
(1927, '2022-10-15', 'carneiro', 33, 0, 1, 95),
(1928, '2022-10-15', 'carneiro', 60, 0, 1, 100),
(1929, '2022-10-15', 'carneiro', 25, 0, 1, 213),
(1930, '2022-10-15', 'tocinho,pe de porco', 26, 0, 0, 143),
(1931, '2022-10-15', 'boi, porco', 48, 0, 1, 116),
(1932, '2022-10-15', 'porco', 40, 0, 1, 237),
(1933, '2022-10-15', 'frango,miudo', 66, 0, 1, 175),
(1934, '2022-10-15', 'costela', 57, 0, 1, 81),
(1935, '2022-10-15', 'costela', 65, 0, 1, 100),
(1936, '2022-10-15', 'costela', 53, 0, 1, 125),
(1937, '2022-10-15', 'compra', 30, 0, 1, 231),
(1938, '2022-10-15', 'compra', 30, 0, 1, 231),
(1939, '2022-10-15', 'Restante', 149, 1, 1, 231),
(1940, '2022-10-15', 'pincanha', 55, 0, 0, 114),
(1942, '2022-10-17', 'carne', 30, 0, 1, 170),
(1943, '2022-10-17', 'carne', 30, 0, 1, 99),
(1944, '2022-10-17', 'carne', 30, 0, 1, 62),
(1946, '2022-10-17', 'frango', 42, 0, 1, 99),
(1947, '2022-10-17', 'porco', 31, 0, 1, 106),
(1948, '2022-10-17', 'boi', 135, 0, 1, 172),
(1950, '2022-10-17', 'filé,compras', 266, 0, 0, 236),
(1951, '2022-10-17', 'boi', 60, 0, 0, 239),
(1952, '2022-10-17', 'compra', 82, 0, 1, 54),
(1953, '2022-10-17', 'Bife,costela', 108, 0, 1, 51),
(1954, '2022-10-17', 'boi', 40, 0, 1, 65),
(1955, '2022-10-17', 'Porco,boi', 150, 0, 1, 38),
(1956, '2022-10-17', 'bife', 22, 0, 1, 95),
(1957, '2022-10-17', 'banha', 52, 0, 1, 100),
(1958, '2022-10-17', 'mortadela', 11, 0, 1, 90),
(1959, '2022-10-17', 'boi', 89, 0, 0, 208),
(1960, '2022-10-17', 'Restante', 142, 1, 1, 165),
(1961, '2022-10-17', 'bife', 25, 0, 1, 218),
(1962, '2022-10-17', 'compra', 90, 0, 0, 240),
(1963, '2022-10-18', 'Restante', 504, 1, 1, 125),
(1965, '2022-10-18', 'Restante', 87, 1, 1, 221),
(1966, '2022-09-27', 'rifa', 20, 0, 1, 69),
(1967, '2022-10-18', 'frango', 40, 0, 1, 109),
(1968, '2022-10-18', 'boi, porco', 68, 0, 1, 103),
(1969, '2022-10-18', 'mortadela', 11, 0, 1, 129),
(1970, '2022-10-18', 'porco', 140, 0, 1, 40),
(1971, '2022-10-18', 'compra', 70, 0, 1, 241),
(1972, '2022-10-18', 'mao de vaca', 30, 0, 1, 95),
(1973, '2022-10-18', 'frango,carne moida,boi', 193, 0, 1, 221),
(1974, '2022-10-18', 'dinheiro', 5, 0, 1, 93),
(1975, '2022-10-18', 'compra', 160, 0, 0, 70),
(1977, '2022-10-18', 'bife', 30, 0, 1, 85),
(1978, '2022-10-19', 'Restante', 141, 1, 1, 84),
(1979, '2022-10-19', 'Restante', 85, 1, 1, 3),
(1980, '2022-10-19', 'Restante', 26, 1, 0, 46),
(1981, '2022-10-19', 'Restante', 188, 1, 0, 150),
(1982, '2022-10-19', 'porco', 66, 0, 1, 174),
(1984, '2022-10-19', 'frango', 15, 0, 1, 3),
(1985, '2022-10-19', 'frango', 17, 0, 1, 116),
(1986, '2022-10-19', 'costela,queijo', 74, 0, 0, 46),
(1988, '2022-10-19', 'frango', 28, 0, 1, 90),
(1989, '2022-10-19', 'costela', 24, 0, 0, 243),
(1990, '2022-10-19', 'bife, moida', 90, 0, 1, 146),
(1991, '2022-10-19', 'frango', 25, 0, 1, 170),
(1992, '2022-10-19', 'Restante', 161, 1, 1, 170),
(1993, '2022-10-19', 'compra', 17, 0, 1, 99),
(1994, '2022-10-20', 'Restante', 22, 1, 1, 169),
(1995, '2022-10-20', 'Restante', 213, 1, 1, 146),
(1996, '2022-10-20', 'boi', 136, 0, 1, 169),
(1997, '2022-10-20', 'porco', 30, 0, 1, 125),
(1998, '2022-10-20', 'frango', 24, 0, 1, 51),
(1999, '2022-10-20', 'carne moida', 25, 0, 0, 214),
(2000, '2022-10-20', 'frango, porco', 74, 0, 0, 122),
(2002, '2022-10-20', 'carne moida', 25, 0, 1, 95),
(2003, '2022-10-20', 'pe de porco', 53, 0, 1, 62),
(2004, '2022-10-21', 'Restante', 39, 1, 0, 117),
(2006, '2022-10-21', 'compra', 130, 0, 1, 81),
(2007, '2022-10-21', 'frango,moida', 64, 0, 1, 79),
(2009, '2022-10-21', 'porco', 50, 0, 1, 112),
(2010, '2022-10-21', 'frango', 14, 0, 1, 93),
(2011, '2022-10-21', 'porco', 79, 0, 1, 62),
(2012, '2022-10-21', 'porco', 27, 0, 1, 95),
(2013, '2022-10-21', 'frango', 21, 0, 1, 106),
(2014, '2022-10-22', 'restante', 129, 1, 1, 85),
(2015, '2022-10-22', 'frango', 30, 0, 1, 237),
(2016, '2022-10-11', 'boi', 72, 0, 1, 65),
(2017, '2022-10-22', 'creditos', 15, 0, 1, 237),
(2018, '2022-10-22', 'porco', 38, 0, 1, 103),
(2019, '2022-10-22', 'empanado, Hambúrguer ', 45, 0, 0, 43),
(2020, '2022-10-22', 'frango, porco', 109, 0, 1, 125),
(2021, '2022-10-22', 'frango', 18, 0, 1, 116),
(2022, '2022-10-22', 'porco', 38, 0, 1, 51),
(2023, '2022-10-22', 'frango', 29, 0, 0, 168),
(2024, '2022-10-22', 'porco', 105, 0, 1, 62),
(2025, '2022-10-22', 'porco', 45, 0, 1, 167),
(2026, '2022-10-22', 'porco', 25, 0, 0, 143),
(2027, '2022-10-24', 'Restante', 21, 1, 1, 202),
(2028, '2022-10-24', 'restante', 139, 1, 0, 242),
(2029, '2022-10-24', 'porco, frango', 81, 0, 1, 100),
(2030, '2022-10-24', 'Restante', 75, 1, 0, 100),
(2031, '2022-10-24', 'bife, moida', 45, 0, 1, 202),
(2032, '2022-10-24', 'bife, moida', 72, 0, 1, 51),
(2033, '2022-10-24', 'porco', 46, 0, 1, 106),
(2034, '2022-10-24', 'filé', 105, 0, 0, 66),
(2035, '2022-10-24', 'bife', 65, 0, 1, 69),
(2036, '2022-10-24', 'frango', 20, 0, 1, 95),
(2037, '2022-10-24', 'pescoço, queijo', 81, 0, 1, 107),
(2038, '2022-04-29', 'compra', 141, 0, 1, 34),
(2039, '2022-10-25', 'porco, boi', 70, 0, 0, 103),
(2041, '2022-10-25', 'costela, boi', 164, 0, 1, 115),
(2042, '2022-10-25', 'frango, boi', 71, 0, 0, 161),
(2043, '2022-10-25', 'boi', 40, 0, 1, 85),
(2044, '2022-10-25', 'bife', 25, 0, 1, 218),
(2045, '2022-10-25', 'linguiça', 60, 0, 0, 100),
(2046, '2022-10-26', 'frango, porco', 60, 0, 1, 57),
(2047, '2022-10-26', 'Restante', 100, 1, 1, 221),
(2048, '2022-10-26', 'Restante', 161, 0, 1, 213),
(2049, '2022-10-26', 'Restante', 131, 1, 1, 85),
(2050, '2022-10-26', 'frango', 26, 0, 1, 85),
(2051, '2022-10-26', 'Restante', 33, 1, 1, 85),
(2052, '2022-10-26', 'costela', 80, 0, 0, 231),
(2053, '2022-10-26', 'Restante', 152, 1, 0, 126),
(2054, '2022-10-26', 'Restante', 45, 1, 1, 233),
(2055, '2022-10-26', 'Restante', 28, 1, 1, 233),
(2056, '2022-10-26', 'compra', 84.5, 0, 0, 244),
(2057, '2022-10-26', 'Restante', 578, 0, 1, 99),
(2058, '2022-10-26', 'porco', 28, 0, 1, 95),
(2059, '2022-10-26', 'mao de vaca, frango', 96, 0, 1, 221),
(2060, '2022-10-26', 'porco, calabresa', 38, 0, 0, 161),
(2061, '2022-10-26', 'salsicha', 10, 0, 0, 235),
(2062, '2022-10-26', 'toicinho, moida', 45, 0, 1, 79),
(2063, '2022-10-27', 'Restante', 81, 1, 0, 76),
(2064, '2022-10-27', 'rifa', 10, 0, 1, 110),
(2065, '2022-10-01', 'costela de porco, bife de porco', 95, 0, 1, 69),
(2066, '2022-10-27', 'Restante', 42, 1, 0, 165),
(2067, '2022-10-27', 'Restante', 129, 1, 0, 218),
(2068, '2022-10-04', 'carne moida', 25, 0, 0, 218),
(2069, '2022-05-28', 'carne moida frango ovo', 172, 0, 0, 203),
(2070, '2022-07-05', 'carne moida ovo motadela', 60, 0, 0, 203),
(2071, '2022-10-27', 'frango, ovo cane muida', 108, 0, 0, 203),
(2072, '2022-10-27', 'pé de porco', 20, 0, 0, 161),
(2073, '2022-10-27', 'tri, porco', 30, 0, 0, 76),
(2074, '2022-10-27', 'frango, queijo', 78, 0, 1, 226),
(2075, '2022-10-27', 'figado de porco', 29, 0, 1, 228),
(2076, '2022-10-27', 'frango, tripa de porco', 70, 0, 1, 81),
(2077, '2022-10-27', 'frango, porco', 63, 0, 0, 176),
(2078, '2022-10-27', 'frango', 50, 0, 0, 231),
(2079, '2022-10-27', 'porco', 162, 0, 1, 40),
(2080, '2022-10-27', 'frango', 24, 0, 1, 51),
(2081, '2022-10-27', 'queijo, porco', 56, 0, 0, 234),
(2082, '2022-10-27', 'frango, porco', 29, 0, 1, 241),
(2083, '2022-10-27', 'porco', 55, 0, 0, 200),
(2084, '2022-10-27', 'costela', 100, 0, 1, 110),
(2085, '2022-10-27', 'celular, credito', 50, 0, 0, 100),
(2086, '2022-10-27', 'ovo', 14, 0, 0, 235),
(2087, '2022-10-28', 'Restante', 7, 1, 0, 129),
(2088, '2022-10-28', 'figado de porco', 30, 0, 0, 129),
(2089, '2022-10-28', 'boi', 40, 0, 1, 110),
(2090, '2022-10-28', 'palenada', 44, 0, 1, 51),
(2091, '2022-10-28', 'mungunzá, tripa, panelada, porco', 77, 0, 0, 100),
(2092, '2022-10-28', 'carne moida, bife', 87, 0, 1, 85),
(2093, '2022-10-28', 'frango', 38, 0, 0, 93),
(2094, '2022-10-28', 'carne moida, porco', 93, 0, 1, 189),
(2095, '2022-10-28', 'bife', 38, 0, 0, 143),
(2096, '2022-10-28', 'boi', 40, 0, 0, 69),
(2097, '2022-10-28', 'mungunzá', 15, 0, 1, 125),
(2098, '2022-10-28', 'mungunzá', 15, 0, 1, 170),
(2099, '2022-10-28', 'compras', 125, 0, 0, 108),
(2100, '2022-10-29', 'corredor, frango', 95, 0, 1, 245),
(2101, '2022-10-29', 'Restante', 25, 1, 0, 237),
(2102, '2022-10-21', 'dinheiro emprestado', 60, 0, 1, 224),
(2103, '2022-10-29', 'moida', 66, 0, 0, 91),
(2104, '2022-10-29', 'frango', 20, 0, 0, 237),
(2105, '2022-10-29', 'frango, pescoço', 39, 0, 1, 116),
(2106, '2022-10-29', 'frango, porco', 90, 0, 0, 99),
(2107, '2022-10-29', 'figado', 30, 0, 1, 90),
(2108, '2022-10-29', 'figado', 13, 0, 1, 213),
(2109, '2022-10-29', 'frango', 25, 0, 0, 143),
(2110, '2022-10-31', 'Restante', 858, 1, 0, 68),
(2111, '2022-10-31', 'Restante', 476, 1, 0, 145),
(2113, '2022-10-31', 'compra', 20, 0, 0, 99),
(2114, '2022-10-31', 'dinheiro emprestado masco', 50, 0, 1, 79),
(2115, '2022-10-31', 'frango', 38, 0, 0, 55),
(2116, '2022-10-31', 'Restante', 21, 1, 1, 198),
(2118, '2022-10-31', 'costela', 26, 0, 1, 124),
(2119, '2022-10-31', 'frango', 28, 0, 0, 129),
(2120, '2022-10-31', 'porco', 57, 0, 0, 100),
(2121, '2022-10-31', 'costela, bife', 108, 0, 1, 51),
(2123, '2022-10-31', 'porco', 150, 0, 1, 193),
(2124, '2022-10-31', 'bife', 24, 0, 1, 62),
(2125, '2022-10-31', 'costela, bife de porco', 77, 0, 0, 69),
(2126, '2022-10-31', 'restante compra porco', 6, 0, 1, 125),
(2127, '2022-10-31', 'costela', 6, 0, 1, 213),
(2128, '2022-10-31', 'c.sol, pescoço', 52, 0, 0, 76),
(2129, '2022-10-31', 'porco, frango', 92, 0, 0, 89),
(2130, '2022-10-31', 'porco', 62, 0, 1, 107),
(2131, '2022-11-04', 'Restante', 18, 1, 0, 116),
(2133, '2022-11-04', 'Restante', 18, 1, 1, 205),
(2134, '2022-11-04', 'Restante', 40, 1, 0, 3),
(2135, '2022-11-01', 'porco', 40, 0, 0, 177),
(2136, '2022-11-03', 'frango', 30, 0, 0, 177),
(2137, '2022-11-01', 'boi', 40, 0, 1, 85),
(2138, '2022-11-01', 'porco', 42, 0, 0, 240),
(2139, '2022-11-01', 'toicinho', 29, 0, 0, 58),
(2140, '2022-11-01', 'frango, costela', 80, 0, 0, 122),
(2141, '2022-11-03', 'frango', 43, 0, 1, 171),
(2142, '2022-11-03', 'ovo', 15, 0, 0, 129),
(2143, '2022-11-03', 'carne moida, ovo', 54, 0, 0, 84),
(2144, '2022-11-03', 'frango', 32, 0, 1, 51),
(2145, '2022-11-03', 'frango, queijo', 76, 0, 0, 176),
(2146, '2022-11-03', 'presente de sandra ', 50, 0, 1, 62),
(2147, '2022-11-03', 'mao de vaca', 37, 0, 0, 237),
(2148, '2022-11-03', 'boi', 25, 0, 0, 89),
(2149, '2022-11-03', 'boi', 15, 0, 1, 146),
(2150, '2022-11-04', 'figado', 29, 0, 0, 164),
(2151, '2022-11-04', 'figado, frango', 54, 0, 0, 93),
(2152, '2022-11-04', 'moida', 27, 0, 0, 202),
(2153, '2022-11-04', 'frango', 34, 0, 1, 226),
(2154, '2022-11-04', 'figado', 28, 0, 0, 235),
(2155, '2022-11-04', 'porco', 60, 0, 0, 176),
(2156, '2022-11-04', 'ovo, toicinho, queijo', 55, 0, 0, 89),
(2157, '2022-11-04', 'frango', 34, 0, 0, 41),
(2158, '2022-11-04', 'porco, boi', 160, 0, 1, 110),
(2159, '2022-11-04', 'porco, queijo', 92, 0, 0, 234),
(2161, '2022-11-04', 'porco, regeito', 54, 0, 0, 108),
(2162, '2022-11-05', 'Restante', 56, 0, 0, 80),
(2163, '2022-11-03', 'frango', 32, 0, 0, 51),
(2164, '2022-11-05', 'porco', 150, 0, 0, 193),
(2165, '2022-11-05', 'carneiro', 71, 0, 0, 174),
(2166, '2022-11-05', 'carneiro', 74, 0, 0, 69),
(2167, '2022-11-05', 'carneiro, boi', 114, 0, 0, 51),
(2168, '2022-11-05', 'carneiro', 100, 0, 1, 142),
(2169, '2022-11-05', 'carneiro', 100, 0, 0, 44),
(2171, '2022-11-05', 'calabresa, porco, frango', 105, 0, 0, 104),
(2172, '2022-11-05', 'creditos', 10, 0, 0, 237),
(2173, '2022-11-05', 'frango', 32, 0, 1, 112),
(2174, '2022-11-05', 'pescoço, figado', 55, 0, 0, 233),
(2175, '2022-11-05', 'compra', 38, 0, 0, 143),
(2176, '2022-11-05', 'frango', 21, 0, 0, 116),
(2177, '2022-11-05', 'bife, moida', 136, 0, 1, 221),
(2178, '2022-11-05', 'porco', 50, 0, 1, 83),
(2179, '2022-11-05', 'porco, mortadela, linguiça', 119, 0, 0, 147),
(2180, '2022-11-05', 'compras', 95, 0, 0, 63),
(2181, '2022-11-05', 'costela', 65, 0, 1, 85),
(2182, '2022-11-05', 'bife, pescoço', 69, 0, 0, 167),
(2183, '2022-11-05', 'porco, moida', 88, 0, 1, 62),
(2184, '2022-11-05', 'remedio nicole', 20, 0, 1, 170),
(2185, '2022-11-05', 'internet macavi', 85, 0, 0, 100),
(2186, '2022-11-05', 'concurso', 50, 0, 1, 81),
(2187, '2022-11-05', 'concurso', 50, 0, 0, 177),
(2188, '2022-11-05', 'macavi', 5, 0, 1, 125),
(2189, '2022-11-06', 'Restante', 363, 1, 1, 81),
(2190, '2022-11-06', 'rifa franga assado', 30, 0, 0, 100),
(2191, '2022-11-06', 'rifa', 20, 0, 1, 110),
(2192, '2022-11-07', 'Restante', 38, 1, 0, 169),
(2193, '2022-11-07', 'dinheiro pra ico pizza', 75, 0, 0, 100),
(2194, '2022-11-07', 'Restante', 78, 1, 0, 146),
(2195, '2022-11-07', 'Restante', 89, 0, 1, 120),
(2196, '2022-11-07', 'Restante', 81, 1, 0, 120),
(2197, '2022-11-07', 'dinheiro ', 200, 0, 0, 11),
(2198, '2022-11-07', 'panelada, c. sol, moida', 166, 0, 0, 169),
(2200, '2022-11-07', 'frango, mortadela', 52, 0, 1, 125),
(2201, '2022-11-07', 'corredor', 51, 0, 0, 245),
(2202, '2022-11-07', 'frango, porco', 110, 0, 0, 120),
(2203, '2022-11-07', 'boi', 207, 0, 0, 44),
(2204, '2022-11-08', 'Restante', 42, 1, 0, 54),
(2205, '2022-11-08', 'Restante', 44, 1, 0, 189),
(2206, '2022-11-08', 'compra', 85, 0, 0, 189),
(2207, '2022-11-08', 'Restante', 53, 1, 0, 34),
(2208, '2022-11-08', 'Restante', 7, 1, 1, 85),
(2209, '2022-11-08', 'mao de vaca carne muida', 80, 0, 0, 192),
(2210, '2022-11-08', 'Restante', 7, 1, 1, 85),
(2211, '2022-11-08', 'c. sol. costela, panelada', 135, 0, 0, 46),
(2212, '2022-11-08', 'costela', 51, 0, 0, 177),
(2213, '2022-11-08', 'frango', 43, 0, 0, 226),
(2214, '2022-11-08', 'frango, bife', 50, 0, 1, 2),
(2215, '2022-11-08', 'c, c sol', 105, 0, 0, 54),
(2216, '2022-11-08', 'frango', 53, 0, 0, 99),
(2217, '2022-11-08', 'ovo, frango, moida', 96, 0, 0, 89),
(2218, '2022-11-08', 'patinho', 95, 0, 0, 115),
(2219, '2022-11-09', 'Restante', 130, 0, 1, 213),
(2220, '2022-11-09', 'Restante', 72, 1, 1, 65),
(2221, '2022-11-09', 'rifa', 10, 0, 1, 110),
(2222, '2022-11-09', 'frango', 36, 0, 0, 233),
(2223, '2022-11-09', 'banha, costela', 76, 0, 0, 113),
(2225, '2022-11-09', 'porco, moida', 70, 0, 0, 178),
(2226, '2022-11-09', 'mao de vaca', 36, 0, 0, 160),
(2227, '2022-11-09', 'porco', 70, 0, 0, 177),
(2228, '2022-11-09', 'bife', 40, 0, 1, 125),
(2229, '2022-11-09', 'picadinho, frango', 44, 0, 0, 116),
(2230, '2022-11-09', 'frango, porco', 76, 0, 0, 106),
(2231, '2022-11-10', 'carne de sol, moida, frango', 58, 0, 0, 79),
(2232, '2022-11-10', 'calabresa', 17, 0, 0, 99),
(2233, '2022-11-10', 'frango, bife', 108, 0, 0, 51),
(2234, '2022-11-10', 'frango', 37, 0, 0, 52),
(2235, '2022-11-10', 'compra', 160, 0, 0, 108),
(2236, '2022-11-11', 'Restante', 47, 1, 0, 175),
(2237, '2022-11-11', 'Restante', 32, 1, 1, 221),
(2238, '2022-11-11', 'Restante', 131, 1, 0, 107),
(2239, '2022-11-11', 'tripa, porco', 51, 0, 0, 94),
(2240, '2022-11-11', 'tripa, porco', 74, 0, 0, 100),
(2241, '2022-11-11', 'porco', 46, 0, 0, 109),
(2242, '2022-11-11', 'porco,boi', 86, 0, 0, 103),
(2244, '2022-11-11', 'porco', 132, 0, 1, 40),
(2245, '2022-11-11', 'porco', 45, 0, 0, 175),
(2246, '2022-11-11', 'porco', 56, 0, 0, 69),
(2247, '2022-11-11', 'costela', 43, 0, 0, 112),
(2248, '2022-11-11', 'porco', 47, 0, 0, 86),
(2249, '2022-11-11', 'porco', 42, 0, 0, 85),
(2250, '2022-11-11', 'compras', 128, 0, 0, 57),
(2251, '2022-11-11', 'porco', 39, 0, 0, 79),
(2252, '2022-11-11', 'porco, frango', 162, 0, 1, 221),
(2253, '2022-11-11', 'porco', 150, 0, 0, 193),
(2254, '2022-11-11', 'porco', 27, 0, 0, 90),
(2255, '2022-11-11', 'porco', 88, 0, 0, 146),
(2256, '2022-11-11', 'porco', 93, 0, 0, 107),
(2257, '2022-11-11', 'linguiça', 55, 0, 1, 142),
(2258, '2022-11-12', 'porco, toicinho', 64, 0, 0, 91),
(2259, '2022-11-12', 'porco', 28, 0, 0, 167),
(2260, '2022-11-12', 'frango', 20, 0, 0, 85),
(2261, '2022-11-12', 'frango', 20, 0, 0, 3),
(2262, '2022-11-12', 'frango', 47, 0, 0, 175),
(2263, '2022-11-12', 'frango', 35, 0, 0, 93),
(2264, '2022-11-12', 'porco', 95, 0, 0, 52),
(2265, '2022-11-12', 'frango', 24, 0, 0, 51),
(2266, '2022-11-12', 'porco', 95, 0, 1, 221),
(2267, '2022-11-12', 'porco', 53, 0, 0, 233),
(2269, '2022-11-14', 'bife', 37, 0, 0, 84),
(2270, '2022-11-14', 'compra', 175, 0, 0, 70),
(2271, '2022-11-14', 'costela', 43, 0, 0, 106),
(2272, '2022-11-14', 'frango', 50, 0, 0, 63),
(2274, '2022-11-14', 'bife', 40, 0, 0, 100),
(2275, '2022-11-14', 'manga', 10, 0, 0, 170),
(2276, '2022-11-14', 'queijo, figado', 41, 0, 0, 241),
(2277, '2022-11-14', 'frango, linguiça, manga', 70, 0, 0, 81),
(2278, '2022-11-14', 'filé', 271, 0, 0, 66),
(2279, '2022-11-14', 'bife', 37, 0, 0, 84),
(2280, '2022-11-14', 'bife', 27, 0, 1, 62),
(2281, '2022-11-15', 'Restante', 35, 1, 0, 172),
(2282, '2022-11-15', 'tripa de porco', 32, 0, 0, 87),
(2283, '2022-11-15', 'frango, porco', 75, 0, 0, 165),
(2284, '2022-11-15', 'porco', 52, 0, 0, 81),
(2285, '2022-11-15', 'costela, porco', 74, 0, 0, 51),
(2286, '2022-11-15', 'boi', 100, 0, 0, 172),
(2287, '2022-11-16', 'Restante', 25, 1, 0, 2),
(2288, '2022-11-16', 'porco', 91, 0, 0, 99),
(2289, '2022-11-16', 'porco', 47, 0, 0, 106),
(2290, '2022-11-16', 'frango, picadinho', 61, 0, 0, 116),
(2291, '2022-11-16', 'compras', 128, 0, 0, 104),
(2292, '2022-11-16', 'porco', 35, 0, 0, 79),
(2293, '2022-11-16', 'porco', 59, 0, 0, 113),
(2294, '2022-11-16', 'figado de porco', 34, 0, 0, 235),
(2295, '2022-11-16', 'mortadela, salsicha', 21, 0, 0, 178),
(2296, '2022-11-16', 'mortadela, toicin', 33, 0, 0, 241),
(2297, '2022-11-17', 'dinheiro emprestado i boi', 73, 0, 0, 99),
(2298, '2022-11-16', 'queijo, linguiça', 65, 0, 0, 163),
(2299, '2022-11-17', 'compra', 39, 0, 0, 68),
(2300, '2022-11-17', 'frango, boi', 96, 0, 0, 51),
(2301, '2022-11-17', 'frangp', 30, 0, 0, 112),
(2302, '2022-11-17', 'boi', 158, 0, 0, 115),
(2303, '2022-11-17', 'frango', 18, 0, 0, 95),
(2304, '2022-11-17', 'costela, moida, bife', 120, 0, 0, 85),
(2305, '2022-11-17', 'costela', 53, 0, 1, 213),
(2306, '2022-11-17', 'moida', 45, 0, 0, 160),
(2307, '2022-11-17', 'porco, bife', 115, 0, 0, 224),
(2308, '2022-11-18', 'dinheiro e compras', 370, 0, 1, 83),
(2309, '2022-06-01', 'frango, c sol, c moida, costela', 177, 0, 0, 207),
(2310, '2022-11-18', 'frango c sol costela', 121, 0, 0, 207),
(2311, '2022-11-18', 'filho - frango', 38, 0, 0, 39),
(2312, '2022-11-18', 'Restante', 155, 1, 0, 38),
(2313, '2022-11-18', 'frango, miudo', 58, 0, 0, 79),
(2314, '2022-11-18', 'frango', 44, 0, 0, 11),
(2315, '2022-11-18', 'linguiça, salsicha', 46, 0, 0, 90),
(2316, '2022-11-18', 'costela de porco', 50, 0, 0, 69),
(2317, '2022-11-18', 'boi, costela', 122, 0, 0, 88),
(2318, '2022-11-18', 'frango', 18, 0, 0, 95),
(2320, '2022-11-18', 'Restante', 80, 0, 0, 221),
(2321, '2022-11-19', 'porco', 83, 0, 0, 52),
(2322, '2022-11-19', 'porco costela', 63, 0, 0, 205),
(2323, '2022-11-19', 'frango', 42, 0, 0, 226),
(2324, '2022-11-19', 'porco, bife', 65, 0, 0, 103),
(2325, '2022-11-19', 'porco', 40, 0, 0, 46),
(2326, '2022-11-19', 'linguiça, porco, frango', 90, 0, 0, 174),
(2327, '2022-11-19', 'compra', 109, 0, 0, 125),
(2328, '2022-11-19', 'porco, boi', 87, 0, 0, 63),
(2329, '2022-11-19', 'frango', 5, 0, 0, 85),
(2330, '2022-11-19', 'pelicula, porco', 77, 0, 0, 100),
(2331, '2022-11-18', 'camara de ar', 28, 0, 0, 177),
(2332, '2022-11-19', 'salsicha', 10, 0, 1, 213),
(2333, '2022-11-19', 'Restante', 173, 1, 0, 213),
(2334, '2022-11-21', 'porco', 25, 0, 0, 206),
(2335, '2022-11-21', 'toicinho', 10, 0, 0, 51),
(2336, '2022-11-21', 'frango', 40, 0, 0, 93),
(2337, '2022-11-21', 'frango, porco', 63, 0, 0, 99),
(2338, '2022-11-21', 'compra', 558, 0, 0, 83),
(2339, '2022-11-21', 'moida', 16, 0, 0, 175),
(2340, '2022-11-21', 'porco', 28, 0, 0, 95),
(2341, '2022-11-21', 'tripa de porco', 38, 0, 0, 125),
(2342, '2022-11-21', 'picadinho', 26, 0, 0, 218),
(2343, '2022-11-22', 'Restante', 248, 0, 1, 62),
(2344, '2022-11-22', 'Restante', 248, 0, 0, 62),
(2345, '2022-11-22', 'dinheiro', 12, 0, 0, 235),
(2346, '2022-11-22', 'moida', 25, 0, 0, 91),
(2347, '2022-11-22', 'porco', 32, 0, 0, 112),
(2348, '2022-11-22', 'porco', 38, 0, 0, 51),
(2349, '2022-11-22', 'compra', 97, 0, 0, 81),
(2350, '2022-11-22', 'boi', 43, 0, 0, 65);

-- --------------------------------------------------------

--
-- Estrutura da tabela `encomenda`
--

CREATE TABLE `encomenda` (
  `idEncomenda` int(15) NOT NULL,
  `dataEncomenda` date NOT NULL,
  `descricaoEncomenda` varchar(500) NOT NULL,
  `statusEncomenda` int(15) NOT NULL
) ENGINE=InnoDB DEFAULT CHARSET=utf8;

--
-- Extraindo dados da tabela `encomenda`
--

INSERT INTO `encomenda` (`idEncomenda`, `dataEncomenda`, `descricaoEncomenda`, `statusEncomenda`) VALUES
(38, '2022-08-02', 'luciana lojão da fé - buchada', 0),
(47, '2022-08-02', 'bodo rico - buchada', 0),
(50, '2022-08-02', 'irmã de edileuza - 2kg - buchada', 0),
(73, '2022-09-10', 'edinete buchada - 8896976283', 1);

-- --------------------------------------------------------

--
-- Estrutura da tabela `lembretes`
--

CREATE TABLE `lembretes` (
  `idLembrete` int(15) NOT NULL,
  `dataLembrete` date NOT NULL,
  `descricaoLembrete` varchar(500) NOT NULL,
  `statusLembrete` int(15) NOT NULL,
  `promocaoLembrete` int(11) NOT NULL,
  `idUsuario` int(15) NOT NULL
) ENGINE=InnoDB DEFAULT CHARSET=utf8;

--
-- Extraindo dados da tabela `lembretes`
--

INSERT INTO `lembretes` (`idLembrete`, `dataLembrete`, `descricaoLembrete`, `statusLembrete`, `promocaoLembrete`, `idUsuario`) VALUES
(28, '2022-08-01', 'Etevaldo Deve Apenas - 450,00', 0, 0, 0),
(29, '2022-08-13', 'Flavio - Deve Apenas 950,00', 0, 0, 0),
(46, '2022-07-29', 'Hoje é segunda, dia do frango.', 0, 1, 0),
(47, '2022-07-29', 'Hoje é Terça, dia do frango.', 0, 2, 0),
(52, '2022-07-29', 'Hoje é sexta, dia de comprar no frigorifico central :)', 0, 5, 0),
(54, '2022-07-29', 'sábado do frango promocional', 0, 6, 0),
(57, '2022-08-03', 'Hoje, quarta-feira, dia do frango promocional.', 0, 3, 0),
(58, '2022-08-01', 'gastos no projeto identidade visual, danilo 700,00 gráfica 350,00 trafego pago 20,00 bandeijas 25,00 ', 1, 0, 0),
(69, '2022-09-09', 'Peso Do Boi - 70kg - com arrasto', 0, 0, 0),
(78, '2022-10-03', 'Peso Do Boi - 101kg', 0, 0, 0),
(79, '2022-10-07', 'Peso Do Boi - 82kg', 0, 0, 0),
(80, '2022-10-16', 'Peso Do Boi - 118kg', 0, 0, 0),
(83, '2022-10-22', 'peso do porco ze filho 31kg', 0, 0, 0),
(84, '2022-10-24', 'Peso Do Boi - 84kg - com o gordo - sem arrasto', 0, 0, 0),
(87, '2022-10-28', 'Peso Do Boi - 60kg - com arrasto', 0, 0, 0),
(89, '2022-11-11', 'peso do porco rafael vila - 72kg', 0, 0, 0),
(90, '2022-11-14', 'Peso Do Boi - 121kg - com arrasto', 0, 0, 0);

-- --------------------------------------------------------

--
-- Estrutura da tabela `loginfo`
--

CREATE TABLE `loginfo` (
  `idLog` int(11) NOT NULL,
  `dataLog` timestamp NOT NULL DEFAULT current_timestamp() ON UPDATE current_timestamp(),
  `descricaoLog` varchar(500) NOT NULL
) ENGINE=InnoDB DEFAULT CHARSET=utf8;

--
-- Extraindo dados da tabela `loginfo`
--

INSERT INTO `loginfo` (`idLog`, `dataLog`, `descricaoLog`) VALUES
(263, '2022-11-04 10:39:40', 'Pagamento - 170 - cliente - pai de nadia | pai de elaine'),
(264, '2022-11-04 10:40:09', 'Pagamento - 42 - cliente - socorro pereira de sousa | '),
(265, '2022-11-04 10:40:28', 'Pagamento - 178 - cliente - Maria Marlete Vieira | Dona Marlete DNOCS'),
(266, '2022-11-04 10:40:41', 'Pagamento - 149 - cliente - toinha machado vicente | toinha mae de ryanderson'),
(267, '2022-11-04 10:41:28', 'Pagamento - 412 - cliente - Maria do Carmo | Cacau e Isabel'),
(268, '2022-11-04 10:41:50', 'Pagamento - 238 - cliente - Antonio Carlos Vieira | Antonio Alejado '),
(269, '2022-11-04 10:42:04', 'Pagamento - 200 - cliente - iraci clemente | irací '),
(270, '2022-11-04 10:43:42', 'Pagamento - 135 - cliente - luzimar  | luzimar mototaxi'),
(271, '2022-11-04 10:43:46', 'Deletando a compra - luzimar  | luzimar mototaxi de ID : 2132'),
(272, '2022-11-04 11:01:07', 'Pagamento - 66 - cliente - maria valdeneide lopes caetano | valda lopes'),
(273, '2022-11-04 11:05:44', 'Pagamento - 40 - cliente - iraci lopes de lima | maede valda lopes'),
(274, '2022-11-04 11:07:32', 'Pagamento - 18 - cliente - iraci lopes de lima | maede valda lopes'),
(275, '2022-11-04 11:47:05', 'Pagamento - 60 - cliente - José Alison da Silva | jose Alison Visinho'),
(276, '2022-11-04 12:02:27', 'Deletando a compra - vanderlo | colega de ID : 1976'),
(277, '2022-11-04 12:02:32', 'Deletando a compra - vanderlo | colega de ID : 2122'),
(278, '2022-11-04 12:48:26', 'Pagamento - 96 - cliente - Nazinha | Nazinha de Damiana'),
(279, '2022-11-04 13:52:38', 'Deletando a compra - cicero nunes de castro | pai luquinha de ID : 1949'),
(280, '2022-11-04 13:52:43', 'Deletando a compra - cicero nunes de castro | pai luquinha de ID : 2112'),
(281, '2022-11-04 14:11:46', 'Deletando a compra - maria viana |  de ID : 1987'),
(282, '2022-11-04 15:02:23', 'Pagamento - 105 - cliente - maroísa viana nogueira | maroisa de didi'),
(283, '2022-11-05 10:49:17', 'Pagamento - 100 - cliente - Marcia Mãe de Cristian | '),
(284, '2022-11-05 10:49:55', 'Pagamento - 40 - cliente - Aline | Aline Amiga'),
(285, '2022-11-05 11:31:07', 'Deletando a compra - Francisca Paula Vieira | Francisca Hospital de ID : 2160'),
(286, '2022-11-05 12:22:39', 'Deletando a compra - Dona Zuleide DNOCS |  de ID : 2040'),
(287, '2022-11-05 12:41:35', 'Pagamento - 779 - cliente - Maria das Graças Mariz duó | Dona Duo'),
(288, '2022-11-05 14:42:56', 'Pagamento - 250 - cliente - pa virada | (f)'),
(289, '2022-11-06 13:31:15', 'Pagamento - 300 - cliente - Aldenice do Carmo Sousa  | Mamae'),
(290, '2022-11-07 10:59:19', 'Pagamento - 31 - cliente - Dionizio Bernardes Monte | Dionizio Cajazeiras '),
(291, '2022-11-07 11:24:23', 'Pagamento - 120 - cliente - maria marluci nunes | marluci mae de cicim'),
(292, '2022-11-07 12:33:58', 'Pagamento - 95 - cliente - francí gonçalves  | diana'),
(293, '2022-11-07 12:38:30', 'Pagamento - 100 - cliente - maésio  | maesio da ilha'),
(294, '2022-11-07 12:54:00', 'Pagamento - 150 - cliente - maria joemi de oliveira | joemi'),
(295, '2022-11-07 13:01:39', 'Pagamento - 100 - cliente - luiz batista neto | luis de israel'),
(296, '2022-11-07 13:06:06', 'Pagamento - 100 - cliente - luiz batista neto | luis de israel'),
(297, '2022-11-08 10:40:16', 'Pagamento - 100 - cliente - Dona Marlene Sitio Saco | '),
(298, '2022-11-08 11:47:22', 'Pagamento - 149 - cliente - liduina de arimar tio | '),
(299, '2022-11-08 12:05:22', 'Pagamento - 12 - cliente - Maria Arnilda Matheus | Arnilda'),
(300, '2022-11-08 12:26:05', 'Pagamento - 120 - cliente - josé barbosa vieira | ze miudo'),
(301, '2022-11-08 13:31:13', 'Pagamento - 374 - cliente - geraldo vidal | '),
(302, '2022-11-08 13:39:56', 'Pagamento - 88 - cliente - Aurilia | aurilia de Deda do Gás'),
(303, '2022-11-08 13:50:01', 'Pagamento - 86 - cliente - pai de cicero gatim | '),
(304, '2022-11-08 13:52:15', 'Pagamento - 185 - cliente - Ely | Tia Eli'),
(305, '2022-11-08 13:53:14', 'Pagamento - 7 - cliente - Ely | Tia Eli'),
(306, '2022-11-08 14:00:01', 'Pagamento - 7 - cliente - Ely | Tia Eli'),
(307, '2022-11-08 14:00:04', 'Pagamento - 185 - cliente - Ely | Tia Eli'),
(308, '2022-11-08 14:01:38', 'Pagamento - 7 - cliente - Ely | Tia Eli'),
(309, '2022-11-09 10:51:41', 'Deletando a compra - Francisca Paula Vieira | Francisca Hospital de ID : 2170'),
(310, '2022-11-09 10:51:44', 'Deletando a compra - Francisca Paula Vieira | Francisca Hospital de ID : 2199'),
(311, '2022-11-09 11:10:27', 'Pagamento - 29 - cliente - maria de fátima alexandre | maria de fatima'),
(312, '2022-11-09 11:38:36', 'Pagamento - 20 - cliente - sandra da rifa | '),
(313, '2022-11-09 11:54:59', 'Pagamento - 40 - cliente - Francisca Estelita Dantas | Estelita da Barragem'),
(314, '2022-11-09 11:55:11', 'Pagamento - 72 - cliente - Francisca Estelita Dantas | Estelita da Barragem'),
(315, '2022-11-09 12:14:47', 'Pagamento - 57 - cliente - Maria Raquel Campos Lima | Raquel de Devan'),
(316, '2022-11-09 12:50:16', 'Pagamento - 363 - cliente - Aldenice do Carmo Sousa  | Mamae'),
(317, '2022-11-09 12:52:40', 'Pagamento - 163 - cliente - elaine vieira lima | nadia'),
(318, '2022-11-09 12:58:21', 'Pagamento - 203 - cliente - Marciana Sousa de Castro | Marcinha Irmã'),
(319, '2022-11-09 18:34:46', 'Pagamento - 89 - cliente - maria do céu bento custódio | maria do ceu'),
(320, '2022-11-10 12:25:48', 'Deletando a compra - zefa  | zefa da barragem (f) de ID : 2005'),
(321, '2022-11-10 13:36:32', 'Pagamento - 121 - cliente - francisco gonçalves sobrinho | pantico pai de kecy'),
(322, '2022-11-11 11:23:03', 'Pagamento - 100 - cliente - egberto nogueira cruz | Picapal'),
(323, '2022-11-11 12:39:18', 'Pagamento - 104 - cliente - joaninha | joana amiga'),
(324, '2022-11-11 13:02:18', 'Pagamento - 178 - cliente - Gilvan Soares de Sousa | Giovan PMO'),
(325, '2022-11-11 13:34:17', 'Pagamento - 500 - cliente - reginaldo batista | naldo da barragem'),
(326, '2022-11-11 13:48:38', 'Deletando a compra - Chico Preto |  de ID : 2243'),
(327, '2022-11-12 11:06:55', 'Pagamento - 270 - cliente - Micael Vigia Hospital | (f)'),
(328, '2022-11-12 11:11:28', 'Pagamento - 340 - cliente - mikael  | mikael motos'),
(329, '2022-11-14 11:34:31', 'Pagamento - 20 - cliente - marcelia sousa de castro | marcelia irma'),
(330, '2022-11-14 11:42:46', 'Pagamento - 99 - cliente - auriene monte cruz | perto de ti cuca'),
(331, '2022-11-14 11:48:15', 'Pagamento - 66 - cliente - lucilene andrade santana | lucilene PMO'),
(332, '2022-11-14 11:52:50', 'Pagamento - 55 - cliente - maésio  | maesio da ilha'),
(333, '2022-11-14 12:47:19', 'Pagamento - 120 - cliente - Chico Antonio  | Chico Mala'),
(334, '2022-11-14 12:47:26', 'Deletando a compra - Chico Antonio  | Chico Mala de ID : 2268'),
(335, '2022-11-15 10:54:20', 'Deletando a compra - joelma sousa de castro | joelma irmã de ID : 2273'),
(336, '2022-11-15 11:52:50', 'Pagamento - 100 - cliente - nicleide vicente freitas | nicleide vicente'),
(337, '2022-11-16 10:29:09', 'Pagamento - 215 - cliente - silvia mara pocidonia  | Silvinha De Ismael'),
(338, '2022-11-16 11:50:41', 'Pagamento - 215 - cliente - silvia mara pocidonia  | Silvinha De Ismael'),
(339, '2022-11-16 12:13:25', 'Pagamento - 25 - cliente - Maria Arnilda Matheus | Arnilda'),
(340, '2022-11-16 13:22:17', 'Pagamento - 202 - cliente - Aurilânio | Aurilanio'),
(341, '2022-11-17 11:05:20', 'Deletando a compra - Francisca Paula Vieira | Francisca Hospital de ID : 2224'),
(342, '2022-11-17 13:02:47', 'Pagamento - 3 - cliente - Mara de Branco | pc'),
(343, '2022-11-17 14:55:16', 'Pagamento - 3 - cliente - Mara de Branco | pc'),
(344, '2022-11-18 09:51:08', 'Pagamento - 1261 - cliente - Tamires  | Amiga de Joezia'),
(345, '2022-11-18 09:53:12', 'Pagamento - 1261 - cliente - Tamires  | Amiga de Joezia'),
(346, '2022-11-18 13:39:17', 'Pagamento - 257 - cliente - joelma sousa de castro | joelma irmã'),
(347, '2022-11-18 14:36:20', 'Pagamento - 318 - cliente - Maria Ambrozina de Lima  | Bobóia'),
(348, '2022-11-18 14:38:57', 'Deletando a compra - Edineuma Brasil | Neuminha de Mãe de ID : 2319'),
(349, '2022-11-18 14:49:02', 'Pagamento - 43 - cliente - rita pinheiro | '),
(350, '2022-11-18 18:24:00', 'Pagamento - 208 - cliente - joaninha | joana amiga'),
(351, '2022-11-19 13:56:43', 'Pagamento - 20 - cliente - sandra da rifa | '),
(352, '2022-11-19 14:20:14', 'Pagamento - 98 - cliente - marcia  | marcia mae do kel'),
(353, '2022-11-21 14:05:19', 'Pagamento - 81 - cliente - tiquinho | tiquinho da barragem'),
(354, '2022-11-22 13:08:42', 'Pagamento - 200 - cliente - Edina  | Edna Merendeira'),
(355, '2022-11-22 13:36:00', 'Pagamento - 200 - cliente - Edina  | Edna Merendeira');

-- --------------------------------------------------------

--
-- Estrutura da tabela `pagamento`
--

CREATE TABLE `pagamento` (
  `idPagamento` int(15) NOT NULL,
  `dataPagamento` date NOT NULL,
  `valorPagamento` float NOT NULL,
  `idCliente` int(15) NOT NULL
) ENGINE=InnoDB DEFAULT CHARSET=utf8;

--
-- Extraindo dados da tabela `pagamento`
--

INSERT INTO `pagamento` (`idPagamento`, `dataPagamento`, `valorPagamento`, `idCliente`) VALUES
(1, '2022-07-15', 5, 101),
(2, '2022-07-15', 214, 95),
(3, '2022-07-16', 200, 80),
(4, '2022-07-16', 176, 43),
(6, '2022-07-16', 300, 62),
(7, '2022-07-18', 90, 86),
(8, '2022-07-18', 150, 169),
(9, '2022-07-18', 126, 40),
(10, '2022-07-18', 30, 43),
(11, '2022-07-18', 49, 43),
(12, '2022-07-18', 40, 142),
(13, '2022-07-19', 50, 3),
(14, '2022-07-19', 20, 123),
(15, '2022-07-20', 35, 33),
(16, '2022-07-20', 239, 199),
(17, '2022-07-20', 100, 165),
(18, '2022-07-21', 40, 129),
(19, '2022-07-21', 100, 171),
(20, '2022-07-21', 150, 50),
(21, '2022-07-21', 2, 50),
(22, '2022-07-21', 200, 125),
(23, '2022-07-22', 100, 169),
(24, '2022-07-22', 50, 82),
(25, '2022-07-23', 180, 103),
(26, '2022-07-25', 150, 40),
(27, '2022-07-25', 80, 191),
(28, '2022-07-26', 230, 99),
(30, '2022-07-26', 70, 85),
(31, '2022-07-26', 96, 118),
(32, '2022-07-26', 130, 85),
(33, '2022-07-27', 50, 197),
(34, '2022-07-27', 129, 93),
(35, '2022-07-27', 57, 39),
(36, '2022-07-28', 80, 178),
(37, '2022-07-28', 550, 100),
(38, '2022-07-28', 50, 102),
(39, '2022-07-28', 50, 102),
(40, '2022-07-29', 170, 143),
(41, '2022-07-29', 300, 170),
(42, '2022-07-30', 350, 89),
(43, '2022-07-30', 300, 68),
(44, '2022-07-30', 20, 213),
(45, '2022-07-30', 150, 193),
(46, '2022-08-01', 27, 129),
(47, '2022-08-01', 120, 122),
(48, '2022-08-01', 136, 40),
(49, '2022-08-01', 200, 160),
(50, '2022-08-01', 150, 176),
(51, '2022-08-01', 200, 177),
(52, '2022-08-01', 118, 174),
(53, '2022-08-02', 49, 208),
(54, '2022-08-02', 161, 179),
(55, '2022-08-02', 116, 109),
(56, '2022-08-02', 50, 205),
(57, '2022-08-02', 250, 11),
(58, '2022-08-02', 145, 91),
(59, '2022-08-02', 200, 104),
(60, '2022-08-02', 74, 161),
(61, '2022-08-02', 200, 63),
(62, '2022-08-02', 100, 54),
(63, '2022-08-02', 246, 94),
(64, '2022-08-02', 100, 85),
(65, '2022-08-02', 22, 210),
(66, '2022-08-03', 70, 206),
(67, '2022-08-03', 380, 100),
(68, '2022-08-03', 170, 57),
(69, '2022-08-03', 50, 121),
(70, '2022-08-03', 123, 172),
(71, '2022-08-03', 122, 48),
(72, '2022-08-03', 178, 116),
(73, '2022-08-03', 20, 184),
(74, '2022-08-03', 187, 90),
(75, '2022-08-04', 50, 37),
(76, '2022-08-04', 150, 169),
(77, '2022-08-04', 293, 144),
(78, '2022-08-04', 44, 49),
(79, '2022-08-04', 44, 49),
(80, '2022-08-04', 200, 41),
(81, '2022-08-04', 100, 85),
(82, '2022-08-05', 97, 52),
(83, '2022-08-05', 639, 51),
(84, '2022-08-06', 131, 79),
(85, '2022-08-06', 542, 81),
(86, '2022-08-06', 195, 43),
(87, '2022-08-06', 235, 106),
(88, '2022-08-06', 407, 44),
(89, '2022-08-06', 33, 218),
(90, '2022-08-08', 130, 46),
(91, '2022-08-08', 98, 189),
(92, '2022-08-08', 400, 115),
(93, '2022-08-08', 120, 120),
(94, '2022-08-09', 100, 169),
(95, '2022-08-09', 40, 160),
(96, '2022-08-09', 50, 155),
(97, '2022-08-09', 50, 208),
(98, '2022-08-09', 50, 88),
(99, '2022-08-09', 350, 62),
(100, '2022-08-09', 58, 127),
(101, '2022-08-10', 33, 87),
(102, '2022-08-10', 130, 112),
(103, '2022-08-11', 82, 218),
(104, '2022-08-11', 42, 175),
(105, '2022-08-11', 58, 117),
(106, '2022-08-11', 80, 58),
(107, '2022-08-11', 280, 199),
(108, '2022-08-11', 300, 105),
(109, '2022-08-12', 85, 3),
(110, '2022-08-12', 50, 97),
(111, '2022-08-12', 100, 193),
(112, '2022-08-13', 42, 129),
(113, '2022-08-13', 143, 213),
(114, '2022-08-13', 150, 85),
(115, '2022-08-15', 200, 165),
(116, '2022-08-15', 87, 40),
(117, '2022-08-15', 303, 111),
(118, '2022-08-15', 189, 157),
(119, '2022-08-16', 65, 142),
(120, '2022-08-16', 184, 221),
(121, '2022-08-16', 135, 84),
(122, '2022-08-16', 50, 86),
(123, '2022-08-16', 167, 85),
(124, '2022-08-16', 100, 202),
(125, '2022-08-16', 114, 84),
(126, '2022-08-16', 95, 123),
(127, '2022-08-17', 200, 76),
(128, '2022-08-17', 38, 212),
(129, '2022-08-17', 238, 95),
(130, '2022-08-17', 24, 101),
(131, '2022-08-18', 91, 207),
(132, '2022-08-18', 55, 85),
(133, '2022-08-19', 400, 80),
(134, '2022-08-19', 39, 164),
(135, '2022-08-19', 900, 170),
(136, '2022-08-20', 50, 156),
(137, '2022-08-20', 57, 217),
(138, '2022-08-22', 150, 40),
(139, '2022-08-22', 60, 142),
(140, '2022-08-23', 40, 29),
(141, '2022-08-24', 100, 52),
(142, '2022-08-24', 105, 3),
(143, '2022-08-24', 306, 99),
(144, '2022-08-25', 199, 103),
(145, '2022-08-25', 45, 220),
(146, '2022-08-26', 14, 216),
(147, '2022-08-26', 100, 169),
(148, '2022-08-26', 25, 219),
(149, '2022-08-26', 214, 73),
(150, '2022-08-26', 30, 155),
(151, '2022-08-27', 100, 85),
(152, '2022-08-27', 135, 93),
(153, '2022-08-29', 10, 1),
(154, '2022-08-29', 72, 154),
(155, '2022-08-29', 45, 222),
(156, '2022-08-30', 30, 2),
(157, '2022-08-30', 64, 85),
(158, '2022-08-30', 150, 176),
(159, '2022-08-30', 930, 100),
(160, '2022-08-30', 93, 100),
(161, '2022-08-30', 70, 178),
(162, '2022-08-31', 300, 68),
(163, '2022-08-31', 132, 192),
(164, '2022-08-31', 184, 157),
(165, '2022-09-01', 155, 167),
(166, '2022-09-01', 135, 122),
(167, '2022-09-01', 100, 131),
(168, '2022-09-01', 51, 181),
(169, '2022-09-03', 104, 109),
(170, '2022-09-03', 133, 52),
(171, '2022-09-03', 172, 11),
(172, '2022-09-03', 200, 194),
(173, '2022-09-03', 210, 104),
(174, '2022-09-03', 151, 48),
(175, '2022-09-03', 272, 74),
(176, '2022-09-03', 40, 216),
(177, '2022-09-03', 53, 54),
(178, '2022-09-03', 40, 205),
(179, '2022-09-03', 100, 169),
(180, '2022-09-03', 150, 116),
(181, '2022-09-03', 100, 85),
(182, '2022-09-03', 236, 179),
(183, '2022-09-05', 203, 40),
(184, '2022-09-05', 130, 94),
(185, '2022-09-05', 219, 57),
(186, '2022-09-05', 50, 39),
(187, '2022-09-05', 35, 155),
(188, '2022-09-05', 170, 221),
(189, '2022-09-05', 290, 89),
(190, '2022-09-05', 82, 161),
(191, '2022-09-05', 789, 69),
(192, '2022-09-05', 250, 90),
(193, '2022-09-05', 63, 187),
(194, '2022-09-05', 500, 66),
(195, '2022-09-06', 168, 197),
(196, '2022-09-06', 15, 129),
(197, '2022-09-06', 86, 143),
(198, '2022-09-06', 55, 181),
(199, '2022-09-06', 200, 81),
(200, '2022-09-06', 200, 41),
(201, '2022-09-06', 750, 51),
(202, '2022-09-06', 212, 79),
(203, '2022-09-07', 366, 44),
(204, '2022-09-07', 141, 174),
(205, '2022-09-07', 200, 221),
(206, '2022-09-07', 30, 36),
(207, '2022-09-08', 150, 189),
(208, '2022-09-08', 297, 81),
(209, '2022-09-08', 232, 106),
(210, '2022-09-08', 168, 111),
(211, '2022-09-08', 450, 115),
(212, '2022-09-08', 216, 63),
(213, '2022-09-08', 60, 131),
(214, '2022-09-08', 409, 66),
(215, '2022-09-09', 46, 127),
(216, '2022-09-09', 136, 172),
(217, '2022-09-09', 40, 226),
(218, '2022-09-09', 50, 82),
(219, '2022-09-09', 105, 112),
(220, '2022-09-09', 70, 218),
(221, '2022-09-10', 60, 223),
(222, '2022-09-10', 20, 82),
(223, '2022-09-10', 119, 175),
(224, '2022-09-10', 45, 65),
(225, '2022-09-10', 20, 213),
(226, '2022-09-10', 100, 173),
(227, '2022-09-12', 45, 86),
(228, '2022-09-12', 76, 40),
(229, '2022-09-12', 241, 95),
(230, '2022-09-13', 500, 107),
(231, '2022-09-13', 100, 163),
(232, '2022-09-13', 131, 85),
(233, '2022-09-13', 35, 163),
(234, '2022-09-14', 182, 221),
(235, '2022-09-14', 67, 142),
(236, '2022-09-15', 200, 224),
(237, '2022-09-15', 100, 85),
(238, '2022-09-16', 55, 231),
(239, '2022-09-16', 40, 3),
(240, '2022-09-17', 100, 118),
(241, '2022-09-17', 20, 213),
(242, '2022-09-17', 105, 141),
(243, '2022-09-19', 18, 232),
(244, '2022-09-20', 67, 163),
(245, '2022-09-20', 100, 88),
(246, '2022-09-21', 10, 213),
(247, '2022-09-21', 100, 85),
(248, '2022-09-21', 200, 194),
(249, '2022-09-21', 80, 69),
(250, '2022-09-22', 48, 206),
(251, '2022-09-22', 117, 171),
(252, '2022-09-22', 50, 212),
(253, '2022-09-23', 100, 84),
(254, '2022-09-23', 190, 221),
(255, '2022-09-23', 200, 125),
(256, '2022-09-23', 302, 199),
(257, '2022-09-23', 100, 231),
(258, '2022-09-24', 211, 103),
(259, '2022-09-24', 39, 220),
(260, '2022-09-24', 50, 202),
(261, '2022-09-24', 550, 100),
(262, '2022-09-24', 105, 46),
(263, '2022-09-26', 50, 156),
(264, '2022-09-26', 50, 211),
(265, '2022-09-26', 57, 161),
(266, '2022-09-26', 80, 142),
(267, '2022-09-26', 500, 170),
(268, '2022-09-26', 204, 170),
(269, '2022-09-27', 36, 216),
(270, '2022-09-27', 200, 99),
(271, '2022-09-27', 41, 129),
(272, '2022-09-28', 50, 215),
(273, '2022-09-28', 36, 234),
(274, '2022-09-28', 84, 219),
(275, '2022-09-28', 158, 93),
(276, '2022-09-28', 70, 142),
(277, '2022-09-28', 300, 62),
(278, '2022-09-29', 200, 81),
(279, '2022-09-30', 158, 164),
(280, '2022-09-30', 29, 82),
(281, '2022-09-30', 50, 85),
(282, '2022-09-30', 243, 89),
(283, '2022-09-30', 115, 43),
(284, '2022-09-30', 100, 85),
(285, '2022-10-01', 300, 68),
(286, '2022-10-01', 200, 176),
(287, '2022-10-01', 200, 122),
(288, '2022-10-01', 149, 178),
(289, '2022-10-01', 50, 205),
(290, '2022-10-01', 131, 174),
(291, '2022-10-01', 85, 146),
(292, '2022-10-01', 119, 173),
(293, '2022-10-01', 216, 177),
(294, '2022-10-03', 25, 129),
(295, '2022-10-03', 129, 169),
(296, '2022-10-03', 57, 96),
(297, '2022-10-03', 128, 40),
(298, '2022-10-03', 103, 221),
(299, '2022-10-03', 163, 221),
(300, '2022-10-03', 100, 79),
(301, '2022-10-03', 100, 113),
(302, '2022-10-03', 70, 148),
(303, '2022-10-03', 101, 154),
(304, '2022-10-04', 30, 228),
(305, '2022-10-04', 50, 237),
(306, '2022-10-04', 100, 217),
(307, '2022-10-04', 196, 57),
(308, '2022-10-04', 53, 58),
(309, '2022-10-04', 250, 116),
(311, '2022-10-04', 140, 157),
(312, '2022-10-04', 30, 157),
(313, '2022-10-04', 600, 104),
(314, '2022-10-05', 220, 91),
(316, '2022-10-05', 200, 80),
(317, '2022-10-05', 191, 70),
(318, '2022-10-05', 50, 146),
(319, '2022-10-05', 71, 39),
(320, '2022-10-05', 250, 90),
(321, '2022-10-05', 20, 184),
(322, '2022-10-05', 411, 44),
(323, '2022-10-05', 186, 11),
(324, '2022-10-05', 113, 109),
(325, '2022-10-05', 339, 110),
(326, '2022-10-05', 131, 41),
(327, '2022-10-05', 100, 52),
(330, '2022-10-06', 200, 186),
(331, '2022-10-06', 20, 237),
(332, '2022-10-06', 37, 129),
(333, '2022-10-06', 200, 120),
(334, '2022-10-06', 50, 146),
(335, '2022-10-06', 767, 51),
(336, '2022-10-06', 18, 87),
(337, '2022-10-06', 100, 221),
(338, '2022-10-06', 36, 238),
(339, '2022-10-07', 50, 146),
(340, '2022-10-07', 57, 168),
(341, '2022-10-07', 50, 200),
(342, '2022-10-07', 78, 226),
(343, '2022-10-07', 136, 81),
(344, '2022-10-07', 100, 189),
(345, '2022-10-07', 455, 115),
(346, '2022-10-07', 100, 85),
(347, '2022-10-07', 58, 127),
(348, '2022-10-10', 163, 40),
(349, '2022-10-10', 260, 106),
(350, '2022-10-10', 33, 234),
(351, '2022-10-10', 30, 214),
(352, '2022-10-11', 100, 175),
(353, '2022-10-11', 104, 112),
(354, '2022-10-11', 173, 143),
(355, '2022-10-11', 250, 224),
(356, '2022-10-12', 250, 62),
(357, '2022-10-13', 120, 169),
(358, '2022-10-13', 201, 54),
(359, '2022-10-13', 246, 95),
(360, '2022-10-13', 342, 79),
(361, '2022-10-14', 638, 66),
(362, '2022-10-15', 120, 85),
(363, '2022-10-15', 76, 172),
(364, '2022-10-15', 30, 231),
(365, '2022-10-17', 28, 239),
(366, '2022-10-17', 47, 208),
(367, '2022-10-17', 343, 165),
(368, '2022-10-18', 500, 125),
(369, '2022-10-18', 500, 125),
(370, '2022-10-18', 100, 221),
(371, '2022-10-18', 259, 111),
(372, '2022-10-19', 76, 84),
(373, '2022-10-19', 141, 84),
(374, '2022-10-19', 60, 3),
(375, '2022-10-19', 85, 148),
(376, '2022-10-19', 80, 164),
(377, '2022-10-19', 100, 46),
(378, '2022-10-19', 200, 150),
(379, '2022-10-19', 25, 170),
(380, '2022-10-20', 50, 169),
(381, '2022-10-20', 50, 146),
(382, '2022-10-20', 172, 62),
(383, '2022-10-20', 281, 63),
(384, '2022-10-21', 50, 117),
(385, '2022-10-21', 161, 170),
(386, '2022-10-21', 275, 141),
(387, '2022-10-22', 96, 85),
(388, '2022-10-24', 50, 202),
(389, '2022-10-24', 181, 40),
(390, '2022-10-24', 950, 100),
(391, '2022-10-24', 149, 231),
(392, '2022-10-25', 250, 103),
(393, '2022-10-25', 68, 161),
(394, '2022-10-25', 210, 160),
(395, '2022-10-26', 180, 221),
(396, '2022-10-26', 20, 213),
(397, '2022-10-26', 144, 216),
(398, '2022-10-26', 38, 85),
(399, '2022-10-26', 124, 85),
(400, '2022-10-26', 33, 85),
(401, '2022-10-26', 41, 197),
(402, '2022-10-26', 100, 126),
(403, '2022-10-26', 120, 235),
(404, '2022-10-26', 65, 233),
(405, '2022-10-26', 17.5, 233),
(406, '2022-10-26', 28, 233),
(407, '2022-10-26', 200, 99),
(408, '2022-10-26', 83, 55),
(409, '2022-10-27', 150, 76),
(410, '2022-10-27', 109, 93),
(411, '2022-10-27', 267, 110),
(412, '2022-10-27', 414, 42),
(413, '2022-10-27', 200, 50),
(414, '2022-10-27', 100, 165),
(415, '2022-10-27', 385, 69),
(416, '2022-10-27', 112, 218),
(417, '2022-10-28', 50, 129),
(418, '2022-10-28', 196, 221),
(419, '2022-10-28', 51, 190),
(420, '2022-10-29', 95, 167),
(421, '2022-10-29', 86, 199),
(422, '2022-10-29', 578, 99),
(423, '2022-10-29', 100, 237),
(424, '2022-10-31', 300, 68),
(425, '2022-10-31', 500, 145),
(426, '2022-10-31', 46, 206),
(427, '2022-10-31', 162, 40),
(428, '2022-10-31', 15, 170),
(429, '2022-10-31', 250, 198),
(430, '2022-10-31', 20, 198),
(431, '2022-10-31', 128, 89),
(432, '2022-11-04', 170, 174),
(433, '2022-11-04', 42, 215),
(434, '2022-11-04', 178, 57),
(435, '2022-11-04', 149, 104),
(436, '2022-11-04', 412, 44),
(437, '2022-11-04', 238, 11),
(438, '2022-11-04', 200, 116),
(439, '2022-11-04', 135, 94),
(440, '2022-11-04', 66, 202),
(441, '2022-11-04', 40, 205),
(442, '2022-11-04', 18, 205),
(443, '2022-11-04', 60, 3),
(444, '2022-11-04', 96, 88),
(445, '2022-11-04', 105, 109),
(446, '2022-11-05', 100, 80),
(447, '2022-11-05', 40, 31),
(448, '2022-11-05', 779, 51),
(449, '2022-11-05', 250, 193),
(450, '2022-11-06', 300, 81),
(451, '2022-11-07', 31, 52),
(452, '2022-11-07', 120, 169),
(453, '2022-11-07', 95, 245),
(454, '2022-11-07', 100, 142),
(455, '2022-11-07', 150, 146),
(456, '2022-11-07', 100, 120),
(457, '2022-11-07', 100, 120),
(458, '2022-11-08', 100, 54),
(459, '2022-11-08', 149, 226),
(460, '2022-11-08', 12, 2),
(461, '2022-11-08', 120, 189),
(462, '2022-11-08', 374, 115),
(463, '2022-11-08', 88, 34),
(464, '2022-11-08', 86, 192),
(467, '2022-11-08', 7, 85),
(468, '2022-11-08', 185, 85),
(470, '2022-11-09', 29, 228),
(471, '2022-11-09', 20, 213),
(472, '2022-11-09', 40, 65),
(473, '2022-11-09', 72, 65),
(474, '2022-11-09', 57, 87),
(475, '2022-11-09', 363, 81),
(476, '2022-11-09', 163, 106),
(477, '2022-11-09', 203, 79),
(478, '2022-11-09', 89, 127),
(479, '2022-11-10', 121, 112),
(480, '2022-11-11', 100, 175),
(481, '2022-11-11', 104, 221),
(482, '2022-11-11', 178, 90),
(483, '2022-11-11', 500, 107),
(484, '2022-11-12', 270, 224),
(485, '2022-11-12', 340, 110),
(486, '2022-11-14', 20, 170),
(487, '2022-11-14', 99, 241),
(488, '2022-11-14', 66, 124),
(489, '2022-11-14', 55, 142),
(490, '2022-11-14', 120, 40),
(491, '2022-11-15', 100, 172),
(492, '2022-11-16', 215, 95),
(493, '2022-11-16', 215, 95),
(494, '2022-11-16', 25, 2),
(495, '2022-11-16', 202, 36),
(496, '2022-11-17', 3, 217),
(497, '2022-11-17', 3, 217),
(498, '2022-11-18', 1261, 83),
(499, '2022-11-18', 1261, 83),
(500, '2022-11-18', 257, 125),
(501, '2022-11-18', 318, 38),
(502, '2022-11-18', 43, 181),
(503, '2022-11-18', 208, 221),
(504, '2022-11-19', 20, 213),
(505, '2022-11-19', 98, 171),
(506, '2022-11-21', 81, 187),
(507, '2022-11-22', 200, 62),
(508, '2022-11-22', 200, 62);

-- --------------------------------------------------------

--
-- Estrutura da tabela `produtos`
--

CREATE TABLE `produtos` (
  `idProduto` int(11) NOT NULL,
  `nomeProduto` varchar(100) NOT NULL,
  `marcaProduto` varchar(50) NOT NULL,
  `valorProduto` float NOT NULL,
  `valorProdutoP` float NOT NULL,
  `arquivoProduto` varchar(50) NOT NULL,
  `promocaoProduto` int(50) NOT NULL,
  `idUsuario` int(11) NOT NULL
) ENGINE=InnoDB DEFAULT CHARSET=utf8;

--
-- Extraindo dados da tabela `produtos`
--

INSERT INTO `produtos` (`idProduto`, `nomeProduto`, `marcaProduto`, `valorProduto`, `valorProdutoP`, `arquivoProduto`, `promocaoProduto`, `idUsuario`) VALUES
(4, 'boi 1ª ', '', 34.99, 39, '', 0, 5),
(11, 'salsicha ', 'perdigão', 18, 20, '', 0, 5),
(13, 'linguiça de frango', 'aurora', 22, 28, '', 0, 5),
(16, 'linguiça apimentada', 'laredo', 25, 30, '', 0, 5),
(21, 'empanado', 'perdigão', 3, 4, '', 0, 2),
(22, 'humburguer', 'perdigão', 2.5, 3, '', 0, 2),
(23, 'queijo', '', 30, 35, '', 0, 2),
(28, 'frango diário', '', 14, 16, '', 0, 2),
(30, 'corredor', '', 22, 24, '', 0, 2),
(32, 'figado puro', '', 22, 24, '', 0, 5),
(33, 'figado misturado', '', 20, 23, '', 0, 5),
(34, 'lingua de boi', '', 20, 25, '', 0, 5),
(57, 'filé de boi', '', 40, 45, '', 0, 5),
(58, 'picanha', '', 40, 45, '', 0, 5),
(69, 'carneiro', '', 25, 28, '', 0, 5),
(72, 'Boi 2ª ', '', 32, 35, '', 0, 5),
(73, 'Boi 3ª ', '', 28, 32, '', 0, 5),
(74, 'calabresa ', 'Perdigão', 35, 38, '', 0, 5),
(75, 'calabresa', 'seara', 33, 35, '', 0, 5),
(77, 'costela', 'bovina', 22, 24, '', 0, 5),
(86, 'Linguiça De Porco', 'aurora', 22, 28, '', 0, 5),
(87, 'Linguiça De Porco', 'laredo', 22, 28, '', 0, 5),
(88, 'Mortadela Frango', 'Perdigão', 15, 18, '', 0, 5),
(90, 'Mortadela Porco', 'Perdigão', 15, 18, '', 0, 5),
(91, 'Mortadela Frango', 'confiança', 15, 18, '', 0, 5),
(92, 'Mortadela Porco', 'confiança', 15, 18, '', 0, 5),
(93, 'Nata 250g', '', 6, 8, '', 0, 5),
(94, 'Nata 500g', '', 13, 16, '', 0, 5),
(95, 'Ovo', '', 12, 15, '', 0, 5),
(96, 'Panelada', '', 20, 23, '', 0, 5),
(97, 'Picadinho', '', 30, 33, '', 0, 5),
(99, 'Porco Com Toicinho', '', 20, 22, '', 0, 5),
(100, 'porco sem toicinho', '', 23, 25, '', 0, 5),
(102, 'Salsicha ', 'estrela', 14, 18, '', 0, 5),
(104, 'figado de porco', '', 15, 18, '', 0, 5),
(105, 'Frango promocional (quarta feira)', '', 11.99, 16, '', 0, 5),
(106, 'Costelinha suína', 'suína', 19.99, 24, '', 0, 5),
(107, 'coxão mole', 'bovino', 33.99, 38, '', 0, 5),
(108, 'coxão suíno', 'suino', 19.99, 23, '', 0, 5),
(109, 'tripa de porco', '', 14.99, 17, '', 0, 5);

-- --------------------------------------------------------

--
-- Estrutura da tabela `usuario`
--

CREATE TABLE `usuario` (
  `id_usuario` int(15) NOT NULL,
  `nome_usuario` varchar(100) NOT NULL,
  `usuario_usuario` varchar(100) NOT NULL,
  `senha_usuario` varchar(50) NOT NULL
) ENGINE=InnoDB DEFAULT CHARSET=utf8;

--
-- Extraindo dados da tabela `usuario`
--

INSERT INTO `usuario` (`id_usuario`, `nome_usuario`, `usuario_usuario`, `senha_usuario`) VALUES
(1, 'Usuário Teste', 'aluno', 'XQxwbAmkkIo+09Yjd2Ktmw=='),
(2, 'Flavio Castro', 'flavio', 'z3rgtDVfqetPVAfAdnr+0g=='),
(5, 'Jocelia Castro', 'jocelia', '3Pj6NgA6ss/YjpolDlu1bg==');

--
-- Índices para tabelas despejadas
--

--
-- Índices para tabela `cliente`
--
ALTER TABLE `cliente`
  ADD PRIMARY KEY (`idCliente`);

--
-- Índices para tabela `compra`
--
ALTER TABLE `compra`
  ADD PRIMARY KEY (`idCompra`);

--
-- Índices para tabela `encomenda`
--
ALTER TABLE `encomenda`
  ADD PRIMARY KEY (`idEncomenda`);

--
-- Índices para tabela `lembretes`
--
ALTER TABLE `lembretes`
  ADD PRIMARY KEY (`idLembrete`);

--
-- Índices para tabela `loginfo`
--
ALTER TABLE `loginfo`
  ADD PRIMARY KEY (`idLog`);

--
-- Índices para tabela `pagamento`
--
ALTER TABLE `pagamento`
  ADD PRIMARY KEY (`idPagamento`);

--
-- Índices para tabela `produtos`
--
ALTER TABLE `produtos`
  ADD PRIMARY KEY (`idProduto`);

--
-- Índices para tabela `usuario`
--
ALTER TABLE `usuario`
  ADD PRIMARY KEY (`id_usuario`);

--
-- AUTO_INCREMENT de tabelas despejadas
--

--
-- AUTO_INCREMENT de tabela `cliente`
--
ALTER TABLE `cliente`
  MODIFY `idCliente` int(15) NOT NULL AUTO_INCREMENT, AUTO_INCREMENT=247;

--
-- AUTO_INCREMENT de tabela `compra`
--
ALTER TABLE `compra`
  MODIFY `idCompra` int(15) NOT NULL AUTO_INCREMENT, AUTO_INCREMENT=2351;

--
-- AUTO_INCREMENT de tabela `encomenda`
--
ALTER TABLE `encomenda`
  MODIFY `idEncomenda` int(15) NOT NULL AUTO_INCREMENT, AUTO_INCREMENT=91;

--
-- AUTO_INCREMENT de tabela `lembretes`
--
ALTER TABLE `lembretes`
  MODIFY `idLembrete` int(15) NOT NULL AUTO_INCREMENT, AUTO_INCREMENT=91;

--
-- AUTO_INCREMENT de tabela `loginfo`
--
ALTER TABLE `loginfo`
  MODIFY `idLog` int(11) NOT NULL AUTO_INCREMENT, AUTO_INCREMENT=356;

--
-- AUTO_INCREMENT de tabela `pagamento`
--
ALTER TABLE `pagamento`
  MODIFY `idPagamento` int(15) NOT NULL AUTO_INCREMENT, AUTO_INCREMENT=509;

--
-- AUTO_INCREMENT de tabela `produtos`
--
ALTER TABLE `produtos`
  MODIFY `idProduto` int(11) NOT NULL AUTO_INCREMENT, AUTO_INCREMENT=110;

--
-- AUTO_INCREMENT de tabela `usuario`
--
ALTER TABLE `usuario`
  MODIFY `id_usuario` int(15) NOT NULL AUTO_INCREMENT, AUTO_INCREMENT=6;
COMMIT;

/*!40101 SET CHARACTER_SET_CLIENT=@OLD_CHARACTER_SET_CLIENT */;
/*!40101 SET CHARACTER_SET_RESULTS=@OLD_CHARACTER_SET_RESULTS */;
/*!40101 SET COLLATION_CONNECTION=@OLD_COLLATION_CONNECTION */;
